file,pembicara,emosi,teks
"sen_d01_intro.mp3","Tanaka-sensei (perempuan)","ceria","Selamat datang di kelas video pertamamu! Hari ini kita belajar lima huruf pertama hiragana. Santai saja, ya."
"sen_h_a_01.mp3","Tanaka-sensei (perempuan)","semangat","Huruf pertama kita hari ini: あ."
"sen_h_a_02.mp3","Tanaka-sensei (perempuan)","tenang","Bacanya ""a"", sama seperti bunyi ""a"" dalam bahasa Indonesia. あ."
"sen_h_a_03.mp3","Tanaka-sensei (perempuan)","tenang","Ada 3 goresan. Perhatikan urutannya baik-baik."
"sen_h_a_04.mp3","Tanaka-sensei (perempuan)","lucu","Tanda salib dan lingkaran besar, seperti orang berguling sambil teriak ""Aaa!"""
"sen_h_a_06.mp3","Tanaka-sensei (perempuan)","serius-lembut","Hati-hati, jangan tertukar dengan お. Yang kiri あ, dibaca ""a"". Yang kanan お, dibaca ""o""."
"sen_h_a_07.mp3","Tanaka-sensei (perempuan)","ceria","Contoh katanya: あい. Artinya ""cinta"". あい."
"sen_h_i_01.mp3","Tanaka-sensei (perempuan)","semangat","Oke, lanjut ke huruf ini: い."
"sen_h_i_02.mp3","Tanaka-sensei (perempuan)","tenang","Bacanya ""i"", sama seperti bunyi ""i"" dalam bahasa Indonesia. い."
"sen_h_i_03.mp3","Tanaka-sensei (perempuan)","tenang","Ada 2 goresan. Perhatikan urutannya baik-baik."
"sen_h_i_04.mp3","Tanaka-sensei (perempuan)","lucu","Dua garis berdiri berdampingan, seperti dua huruf ""i"": ""ii""."
"sen_h_i_06.mp3","Tanaka-sensei (perempuan)","serius-lembut","Hati-hati, jangan tertukar dengan り. Yang kiri い, dibaca ""i"". Yang kanan り, dibaca ""ri""."
"sen_h_i_07.mp3","Tanaka-sensei (perempuan)","ceria","Contoh katanya: いえ. Artinya ""rumah"". いえ."
"sen_h_u_01.mp3","Tanaka-sensei (perempuan)","semangat","Sekarang, perhatikan huruf ini: う."
"sen_h_u_02.mp3","Tanaka-sensei (perempuan)","tenang","Bacanya ""u"", bibir tidak terlalu dimonyongkan. う."
"sen_h_u_03.mp3","Tanaka-sensei (perempuan)","tenang","Ada 2 goresan. Perhatikan urutannya baik-baik."
"sen_h_u_04.mp3","Tanaka-sensei (perempuan)","lucu","Titik di atas lalu lengkungan, seperti orang membungkuk mengeluh ""Uuh…"""
"sen_h_u_06.mp3","Tanaka-sensei (perempuan)","serius-lembut","Hati-hati, jangan tertukar dengan つ. Yang kiri う, dibaca ""u"". Yang kanan つ, dibaca ""tsu""."
"sen_h_u_07.mp3","Tanaka-sensei (perempuan)","ceria","Contoh katanya: うえ. Artinya ""atas"". うえ."
"sen_h_e_01.mp3","Tanaka-sensei (perempuan)","semangat","Nah, yang ini juga penting: え."
"sen_h_e_02.mp3","Tanaka-sensei (perempuan)","tenang","Bacanya ""e"". Huruf e-nya seperti pada kata ""enak"", bukan ""emas"". え."
"sen_h_e_03.mp3","Tanaka-sensei (perempuan)","tenang","Ada 2 goresan. Perhatikan urutannya baik-baik."
"sen_h_e_04.mp3","Tanaka-sensei (perempuan)","lucu","Seperti orang menari dengan kaki melangkah: ""Eh, eh!"""
"sen_h_e_07.mp3","Tanaka-sensei (perempuan)","ceria","Contoh katanya: こえ. Artinya ""suara"". こえ."
"sen_h_o_01.mp3","Tanaka-sensei (perempuan)","semangat","Terakhir untuk hari ini: お."
"sen_h_o_02.mp3","Tanaka-sensei (perempuan)","tenang","Bacanya ""o"", sama seperti bunyi ""o"" dalam bahasa Indonesia. お."
"sen_h_o_03.mp3","Tanaka-sensei (perempuan)","tenang","Ada 3 goresan. Perhatikan urutannya baik-baik."
"sen_h_o_04.mp3","Tanaka-sensei (perempuan)","lucu","Mirip あ tapi ada titik kecil di kanan atas: ""Oh! Ada titik!"""
"sen_h_o_06.mp3","Tanaka-sensei (perempuan)","serius-lembut","Hati-hati, jangan tertukar dengan あ. Yang kiri お, dibaca ""o"". Yang kanan あ, dibaca ""a""."
"sen_h_o_07.mp3","Tanaka-sensei (perempuan)","ceria","Contoh katanya: あお. Artinya ""biru"". あお."
"sen_d01_outro.mp3","Tanaka-sensei (perempuan)","bangga","Hebat! Sekarang giliranmu menulis. Salah itu biasa, yang penting mencoba."
"sen_d02_intro.mp3","Tanaka-sensei (perempuan)","ceria","Selamat datang kembali! Hari ini giliran huruf: か、き、く、け、こ. Yuk!"
"sen_h_ka_01.mp3","Tanaka-sensei (perempuan)","semangat","Huruf pertama kita hari ini: か."
"sen_h_ka_02.mp3","Tanaka-sensei (perempuan)","tenang","Bacanya ""ka"", sama seperti bunyi ""ka"" dalam bahasa Indonesia. か."
"sen_h_ka_03.mp3","Tanaka-sensei (perempuan)","tenang","Ada 3 goresan. Perhatikan urutannya baik-baik."
"sen_h_ka_04.mp3","Tanaka-sensei (perempuan)","lucu","Seperti orang karate yang menebas: ""KA-rate!"""
"sen_h_ka_07.mp3","Tanaka-sensei (perempuan)","ceria","Contoh katanya: かお. Artinya ""wajah"". かお."
"sen_h_ki_01.mp3","Tanaka-sensei (perempuan)","semangat","Oke, lanjut ke huruf ini: き."
"sen_h_ki_02.mp3","Tanaka-sensei (perempuan)","tenang","Bacanya ""ki"", sama seperti bunyi ""ki"" dalam bahasa Indonesia. き."
"sen_h_ki_03.mp3","Tanaka-sensei (perempuan)","tenang","Ada 4 goresan. Perhatikan urutannya baik-baik."
"sen_h_ki_04.mp3","Tanaka-sensei (perempuan)","lucu","Bentuknya mirip anak kunci (key): ""KI""."
"sen_h_ki_06.mp3","Tanaka-sensei (perempuan)","serius-lembut","Hati-hati, jangan tertukar dengan さ. Yang kiri き, dibaca ""ki"". Yang kanan さ, dibaca ""sa""."
"sen_h_ki_07.mp3","Tanaka-sensei (perempuan)","ceria","Contoh katanya: えき. Artinya ""stasiun"". えき."
"sen_h_ku_01.mp3","Tanaka-sensei (perempuan)","semangat","Sekarang, perhatikan huruf ini: く."
"sen_h_ku_02.mp3","Tanaka-sensei (perempuan)","tenang","Bacanya ""ku"", sama seperti bunyi ""ku"" dalam bahasa Indonesia. く."
"sen_h_ku_03.mp3","Tanaka-sensei (perempuan)","tenang","Cara menulisnya cuma satu goresan. Perhatikan arahnya, ya."
"sen_h_ku_04.mp3","Tanaka-sensei (perempuan)","lucu","Seperti paruh burung terbuka yang berkicau: ""KUkuruyuk!"""
"sen_h_ku_07.mp3","Tanaka-sensei (perempuan)","ceria","Contoh katanya: くつ. Artinya ""sepatu"". くつ."
"sen_h_ke_01.mp3","Tanaka-sensei (perempuan)","semangat","Nah, yang ini juga penting: け."
"sen_h_ke_02.mp3","Tanaka-sensei (perempuan)","tenang","Bacanya ""ke"". Huruf e-nya seperti pada kata ""enak"", bukan ""emas"". け."
"sen_h_ke_03.mp3","Tanaka-sensei (perempuan)","tenang","Ada 3 goresan. Perhatikan urutannya baik-baik."
"sen_h_ke_04.mp3","Tanaka-sensei (perempuan)","lucu","Seperti pagar dengan satu tiang. Ketuk pagarnya: ""KEtuk!"""
"sen_h_ke_07.mp3","Tanaka-sensei (perempuan)","ceria","Contoh katanya: いけ. Artinya ""kolam"". いけ."
"sen_h_ko_01.mp3","Tanaka-sensei (perempuan)","semangat","Terakhir untuk hari ini: こ."
"sen_h_ko_02.mp3","Tanaka-sensei (perempuan)","tenang","Bacanya ""ko"", sama seperti bunyi ""ko"" dalam bahasa Indonesia. こ."
"sen_h_ko_03.mp3","Tanaka-sensei (perempuan)","tenang","Ada 2 goresan. Perhatikan urutannya baik-baik."
"sen_h_ko_04.mp3","Tanaka-sensei (perempuan)","lucu","Dua garis sejajar seperti dua koin bertumpuk: ""KOin""."
"sen_h_ko_07.mp3","Tanaka-sensei (perempuan)","ceria","Contoh katanya: ここ. Artinya ""di sini"". ここ."
"sen_d02_outro.mp3","Tanaka-sensei (perempuan)","bangga","Bagus sekali! Ayo praktik menulis. Sensei tunggu hasilmu, ya."
"sen_d03_intro.mp3","Tanaka-sensei (perempuan)","ceria","Pagi yang cerah untuk belajar! Hari ini: さ、し、す、せ、そ. Kita mulai, ya."
"sen_h_sa_01.mp3","Tanaka-sensei (perempuan)","semangat","Huruf pertama kita hari ini: さ."
"sen_h_sa_02.mp3","Tanaka-sensei (perempuan)","tenang","Bacanya ""sa"", sama seperti bunyi ""sa"" dalam bahasa Indonesia. さ."
"sen_h_sa_03.mp3","Tanaka-sensei (perempuan)","tenang","Ada 3 goresan. Perhatikan urutannya baik-baik."
"sen_h_sa_04.mp3","Tanaka-sensei (perempuan)","lucu","Mirip き tapi garis mendatarnya hanya SAtu: ""SA""."
"sen_h_sa_06.mp3","Tanaka-sensei (perempuan)","serius-lembut","Hati-hati, jangan tertukar dengan き. Yang kiri さ, dibaca ""sa"". Yang kanan き, dibaca ""ki""."
"sen_h_sa_07.mp3","Tanaka-sensei (perempuan)","ceria","Contoh katanya: かさ. Artinya ""payung"". かさ."
"sen_h_shi_01.mp3","Tanaka-sensei (perempuan)","semangat","Oke, lanjut ke huruf ini: し."
"sen_h_shi_02.mp3","Tanaka-sensei (perempuan)","tenang","Bacanya ""shi"", seperti ""syi"" yang lembut, bukan ""si"". し."
"sen_h_shi_03.mp3","Tanaka-sensei (perempuan)","tenang","Cara menulisnya cuma satu goresan. Perhatikan arahnya, ya."
"sen_h_shi_04.mp3","Tanaka-sensei (perempuan)","lucu","Seperti kail pancing. Dibaca ""shi"" (mirip ""si"")."
"sen_h_shi_07.mp3","Tanaka-sensei (perempuan)","ceria","Contoh katanya: あし. Artinya ""kaki"". あし."
"sen_h_su_01.mp3","Tanaka-sensei (perempuan)","semangat","Sekarang, perhatikan huruf ini: す."
"sen_h_su_02.mp3","Tanaka-sensei (perempuan)","tenang","Bacanya ""su"". Huruf u di akhir sering terdengar samar, seperti ""s"" saja. す."
"sen_h_su_03.mp3","Tanaka-sensei (perempuan)","tenang","Ada 2 goresan. Perhatikan urutannya baik-baik."
"sen_h_su_04.mp3","Tanaka-sensei (perempuan)","lucu","Garis dengan simpul berputar, seperti peselancar (SUrfing) berputar di ombak."
"sen_h_su_07.mp3","Tanaka-sensei (perempuan)","ceria","Contoh katanya: すし. Artinya ""sushi"". すし."
"sen_h_se_01.mp3","Tanaka-sensei (perempuan)","semangat","Nah, yang ini juga penting: せ."
"sen_h_se_02.mp3","Tanaka-sensei (perempuan)","tenang","Bacanya ""se"". Huruf e-nya seperti pada kata ""enak"", bukan ""emas"". せ."
"sen_h_se_03.mp3","Tanaka-sensei (perempuan)","tenang","Ada 3 goresan. Perhatikan urutannya baik-baik."
"sen_h_se_04.mp3","Tanaka-sensei (perempuan)","lucu","Seperti mulut tersenyum lebar dengan gigi: ""SEnyum!"""
"sen_h_se_07.mp3","Tanaka-sensei (perempuan)","ceria","Contoh katanya: せかい. Artinya ""dunia"". せかい."
"sen_h_so_01.mp3","Tanaka-sensei (perempuan)","semangat","Terakhir untuk hari ini: そ."
"sen_h_so_02.mp3","Tanaka-sensei (perempuan)","tenang","Bacanya ""so"", sama seperti bunyi ""so"" dalam bahasa Indonesia. そ."
"sen_h_so_03.mp3","Tanaka-sensei (perempuan)","tenang","Cara menulisnya cuma satu goresan. Perhatikan arahnya, ya."
"sen_h_so_04.mp3","Tanaka-sensei (perempuan)","lucu","Zig-zag seperti jalan berkelok-kelok: ""SO jauh!"""
"sen_h_so_07.mp3","Tanaka-sensei (perempuan)","ceria","Contoh katanya: そと. Artinya ""luar"". そと."
"sen_d03_outro.mp3","Tanaka-sensei (perempuan)","bangga","Hebat! Sekarang giliranmu menulis. Salah itu biasa, yang penting mencoba."
"sen_d04_intro.mp3","Tanaka-sensei (perempuan)","ceria","Halo lagi! Hari ini kita belajar huruf: た、ち、つ、て、と. Siap?"
"sen_h_ta_01.mp3","Tanaka-sensei (perempuan)","semangat","Huruf pertama kita hari ini: た."
"sen_h_ta_02.mp3","Tanaka-sensei (perempuan)","tenang","Bacanya ""ta"", sama seperti bunyi ""ta"" dalam bahasa Indonesia. た."
"sen_h_ta_03.mp3","Tanaka-sensei (perempuan)","tenang","Ada 4 goresan. Perhatikan urutannya baik-baik."
"sen_h_ta_04.mp3","Tanaka-sensei (perempuan)","lucu","Terlihat seperti huruf ""t"" dan ""a"" digabung: ""TA""."
"sen_h_ta_06.mp3","Tanaka-sensei (perempuan)","serius-lembut","Hati-hati, jangan tertukar dengan な. Yang kiri た, dibaca ""ta"". Yang kanan な, dibaca ""na""."
"sen_h_ta_07.mp3","Tanaka-sensei (perempuan)","ceria","Contoh katanya: たこ. Artinya ""gurita"". たこ."
"sen_h_chi_01.mp3","Tanaka-sensei (perempuan)","semangat","Oke, lanjut ke huruf ini: ち."
"sen_h_chi_02.mp3","Tanaka-sensei (perempuan)","tenang","Bacanya ""chi"", mirip ""ci"" dalam kata cinta. ち."
"sen_h_chi_03.mp3","Tanaka-sensei (perempuan)","tenang","Ada 2 goresan. Perhatikan urutannya baik-baik."
"sen_h_chi_04.mp3","Tanaka-sensei (perempuan)","lucu","Mirip angka 5 yang dibalik. Dibaca ""chi"" (seperti ""ci"")."
"sen_h_chi_06.mp3","Tanaka-sensei (perempuan)","serius-lembut","Hati-hati, jangan tertukar dengan さ. Yang kiri ち, dibaca ""chi"". Yang kanan さ, dibaca ""sa""."
"sen_h_chi_07.mp3","Tanaka-sensei (perempuan)","ceria","Contoh katanya: ちかてつ. Artinya ""kereta bawah tanah"". ちかてつ."
"sen_h_tsu_01.mp3","Tanaka-sensei (perempuan)","semangat","Sekarang, perhatikan huruf ini: つ."
"sen_h_tsu_02.mp3","Tanaka-sensei (perempuan)","tenang","Bacanya ""tsu"". Ujung lidah menempel sebentar, lalu ""su"". Pelan-pelan: ts, tsu. つ."
"sen_h_tsu_03.mp3","Tanaka-sensei (perempuan)","tenang","Cara menulisnya cuma satu goresan. Perhatikan arahnya, ya."
"sen_h_tsu_04.mp3","Tanaka-sensei (perempuan)","lucu","Satu lengkungan seperti ombak TSUnami."
"sen_h_tsu_06.mp3","Tanaka-sensei (perempuan)","serius-lembut","Hati-hati, jangan tertukar dengan う. Yang kiri つ, dibaca ""tsu"". Yang kanan う, dibaca ""u""."
"sen_h_tsu_07.mp3","Tanaka-sensei (perempuan)","ceria","Contoh katanya: つくえ. Artinya ""meja"". つくえ."
"sen_h_te_01.mp3","Tanaka-sensei (perempuan)","semangat","Nah, yang ini juga penting: て."
"sen_h_te_02.mp3","Tanaka-sensei (perempuan)","tenang","Bacanya ""te"". Huruf e-nya seperti pada kata ""enak"", bukan ""emas"". て."
"sen_h_te_03.mp3","Tanaka-sensei (perempuan)","tenang","Cara menulisnya cuma satu goresan. Perhatikan arahnya, ya."
"sen_h_te_04.mp3","Tanaka-sensei (perempuan)","lucu","Seperti tangan yang terulur. ""Te"" dalam bahasa Jepang memang berarti tangan!"
"sen_h_te_07.mp3","Tanaka-sensei (perempuan)","ceria","Contoh katanya: て. Artinya ""tangan"". て."
"sen_h_to_01.mp3","Tanaka-sensei (perempuan)","semangat","Terakhir untuk hari ini: と."
"sen_h_to_02.mp3","Tanaka-sensei (perempuan)","tenang","Bacanya ""to"", sama seperti bunyi ""to"" dalam bahasa Indonesia. と."
"sen_h_to_03.mp3","Tanaka-sensei (perempuan)","tenang","Ada 2 goresan. Perhatikan urutannya baik-baik."
"sen_h_to_04.mp3","Tanaka-sensei (perempuan)","lucu","Seperti duri yang menancap di jari kaki: ""TOlong!"""
"sen_h_to_07.mp3","Tanaka-sensei (perempuan)","ceria","Contoh katanya: ひと. Artinya ""orang"". ひと."
"sen_d04_outro.mp3","Tanaka-sensei (perempuan)","bangga","Bagus sekali! Ayo praktik menulis. Sensei tunggu hasilmu, ya."
"sen_d06_intro.mp3","Tanaka-sensei (perempuan)","ceria","Selamat datang kembali! Hari ini giliran huruf: な、に、ぬ、ね、の. Yuk!"
"sen_h_na_01.mp3","Tanaka-sensei (perempuan)","semangat","Huruf pertama kita hari ini: な."
"sen_h_na_02.mp3","Tanaka-sensei (perempuan)","tenang","Bacanya ""na"", sama seperti bunyi ""na"" dalam bahasa Indonesia. な."
"sen_h_na_03.mp3","Tanaka-sensei (perempuan)","tenang","Ada 4 goresan. Perhatikan urutannya baik-baik."
"sen_h_na_04.mp3","Tanaka-sensei (perempuan)","lucu","Salib dan simpul: bayangkan NAsi dibungkus lalu diikat."
"sen_h_na_06.mp3","Tanaka-sensei (perempuan)","serius-lembut","Hati-hati, jangan tertukar dengan た. Yang kiri な, dibaca ""na"". Yang kanan た, dibaca ""ta""."
"sen_h_na_07.mp3","Tanaka-sensei (perempuan)","ceria","Contoh katanya: なつ. Artinya ""musim panas"". なつ."
"sen_h_ni_01.mp3","Tanaka-sensei (perempuan)","semangat","Oke, lanjut ke huruf ini: に."
"sen_h_ni_02.mp3","Tanaka-sensei (perempuan)","tenang","Bacanya ""ni"", sama seperti bunyi ""ni"" dalam bahasa Indonesia. に."
"sen_h_ni_03.mp3","Tanaka-sensei (perempuan)","tenang","Ada 3 goresan. Perhatikan urutannya baik-baik."
"sen_h_ni_04.mp3","Tanaka-sensei (perempuan)","lucu","Satu tiang dan DUA garis. Angka 2 dalam bahasa Jepang adalah ""ni""!"
"sen_h_ni_07.mp3","Tanaka-sensei (perempuan)","ceria","Contoh katanya: にく. Artinya ""daging"". にく."
"sen_h_nu_01.mp3","Tanaka-sensei (perempuan)","semangat","Sekarang, perhatikan huruf ini: ぬ."
"sen_h_nu_02.mp3","Tanaka-sensei (perempuan)","tenang","Bacanya ""nu"", sama seperti bunyi ""nu"" dalam bahasa Indonesia. ぬ."
"sen_h_nu_03.mp3","Tanaka-sensei (perempuan)","tenang","Ada 2 goresan. Perhatikan urutannya baik-baik."
"sen_h_nu_04.mp3","Tanaka-sensei (perempuan)","lucu","Seperti mi (NUdle) keriting dengan simpul di ujungnya."
"sen_h_nu_06.mp3","Tanaka-sensei (perempuan)","serius-lembut","Hati-hati, jangan tertukar dengan め. Yang kiri ぬ, dibaca ""nu"". Yang kanan め, dibaca ""me""."
"sen_h_nu_07.mp3","Tanaka-sensei (perempuan)","ceria","Contoh katanya: いぬ. Artinya ""anjing"". いぬ."
"sen_h_ne_01.mp3","Tanaka-sensei (perempuan)","semangat","Nah, yang ini juga penting: ね."
"sen_h_ne_02.mp3","Tanaka-sensei (perempuan)","tenang","Bacanya ""ne"". Huruf e-nya seperti pada kata ""enak"", bukan ""emas"". ね."
"sen_h_ne_03.mp3","Tanaka-sensei (perempuan)","tenang","Ada 2 goresan. Perhatikan urutannya baik-baik."
"sen_h_ne_04.mp3","Tanaka-sensei (perempuan)","lucu","Seperti kucing (NEko) dengan ekor melingkar."
"sen_h_ne_06.mp3","Tanaka-sensei (perempuan)","serius-lembut","Hati-hati, jangan tertukar dengan れ. Yang kiri ね, dibaca ""ne"". Yang kanan れ, dibaca ""re""."
"sen_h_ne_07.mp3","Tanaka-sensei (perempuan)","ceria","Contoh katanya: ねこ. Artinya ""kucing"". ねこ."
"sen_h_no_01.mp3","Tanaka-sensei (perempuan)","semangat","Terakhir untuk hari ini: の."
"sen_h_no_02.mp3","Tanaka-sensei (perempuan)","tenang","Bacanya ""no"", sama seperti bunyi ""no"" dalam bahasa Indonesia. の."
"sen_h_no_03.mp3","Tanaka-sensei (perempuan)","tenang","Cara menulisnya cuma satu goresan. Perhatikan arahnya, ya."
"sen_h_no_04.mp3","Tanaka-sensei (perempuan)","lucu","Seperti tanda larangan: ""NO!"""
"sen_d06_outro.mp3","Tanaka-sensei (perempuan)","bangga","Bagus sekali! Ayo praktik menulis. Sensei tunggu hasilmu, ya."
"sen_d07_intro.mp3","Tanaka-sensei (perempuan)","ceria","Pagi yang cerah untuk belajar! Hari ini: は、ひ、ふ、へ、ほ. Kita mulai, ya."
"sen_h_ha_01.mp3","Tanaka-sensei (perempuan)","semangat","Huruf pertama kita hari ini: は."
"sen_h_ha_02.mp3","Tanaka-sensei (perempuan)","tenang","Bacanya ""ha"". Tapi kalau jadi partikel, dibaca ""wa"". Nanti kita pelajari. は."
"sen_h_ha_03.mp3","Tanaka-sensei (perempuan)","tenang","Ada 3 goresan. Perhatikan urutannya baik-baik."
"sen_h_ha_04.mp3","Tanaka-sensei (perempuan)","lucu","Tiang dan wajah tertawa: ""HAhaha!"" (Sebagai partikel dibaca ""wa"".)"
"sen_h_ha_06.mp3","Tanaka-sensei (perempuan)","serius-lembut","Hati-hati, jangan tertukar dengan ほ. Yang kiri は, dibaca ""ha"". Yang kanan ほ, dibaca ""ho""."
"sen_h_ha_07.mp3","Tanaka-sensei (perempuan)","ceria","Contoh katanya: はな. Artinya ""bunga"". はな."
"sen_h_hi_01.mp3","Tanaka-sensei (perempuan)","semangat","Oke, lanjut ke huruf ini: ひ."
"sen_h_hi_02.mp3","Tanaka-sensei (perempuan)","tenang","Bacanya ""hi"", sama seperti bunyi ""hi"" dalam bahasa Indonesia. ひ."
"sen_h_hi_03.mp3","Tanaka-sensei (perempuan)","tenang","Cara menulisnya cuma satu goresan. Perhatikan arahnya, ya."
"sen_h_hi_04.mp3","Tanaka-sensei (perempuan)","lucu","Seperti senyum lebar: ""HIhihi!"""
"sen_h_hi_07.mp3","Tanaka-sensei (perempuan)","ceria","Contoh katanya: ひこうき. Artinya ""pesawat"". ひこうき."
"sen_h_fu_01.mp3","Tanaka-sensei (perempuan)","semangat","Sekarang, perhatikan huruf ini: ふ."
"sen_h_fu_02.mp3","Tanaka-sensei (perempuan)","tenang","Bacanya ""fu"", tapi bibir tidak menyentuh gigi. Seperti meniup lilin pelan: fu. ふ."
"sen_h_fu_03.mp3","Tanaka-sensei (perempuan)","tenang","Ada 4 goresan. Perhatikan urutannya baik-baik."
"sen_h_fu_04.mp3","Tanaka-sensei (perempuan)","lucu","Seperti orang meniup lilin: ""FUuu!"" (bunyinya antara ""fu"" dan ""hu"")."
"sen_h_fu_07.mp3","Tanaka-sensei (perempuan)","ceria","Contoh katanya: ふね. Artinya ""kapal"". ふね."
"sen_h_he_01.mp3","Tanaka-sensei (perempuan)","semangat","Nah, yang ini juga penting: へ."
"sen_h_he_02.mp3","Tanaka-sensei (perempuan)","tenang","Bacanya ""he"". Kalau jadi partikel arah, dibaca ""e"". へ."
"sen_h_he_03.mp3","Tanaka-sensei (perempuan)","tenang","Cara menulisnya cuma satu goresan. Perhatikan arahnya, ya."
"sen_h_he_04.mp3","Tanaka-sensei (perempuan)","lucu","Seperti bukit kecil: ""HEi, ada bukit!"""
"sen_h_he_06.mp3","Tanaka-sensei (perempuan)","serius-lembut","Hati-hati, jangan tertukar dengan ヘ. Yang kiri へ, dibaca ""he"". Yang kanan ヘ, dibaca ""he""."
"sen_h_he_07.mp3","Tanaka-sensei (perempuan)","ceria","Contoh katanya: へそ. Artinya ""pusar"". へそ."
"sen_h_ho_01.mp3","Tanaka-sensei (perempuan)","semangat","Terakhir untuk hari ini: ほ."
"sen_h_ho_02.mp3","Tanaka-sensei (perempuan)","tenang","Bacanya ""ho"", sama seperti bunyi ""ho"" dalam bahasa Indonesia. ほ."
"sen_h_ho_03.mp3","Tanaka-sensei (perempuan)","tenang","Ada 4 goresan. Perhatikan urutannya baik-baik."
"sen_h_ho_04.mp3","Tanaka-sensei (perempuan)","lucu","Mirip は tapi ada garis tambahan di atas: ""HOho!"""
"sen_h_ho_06.mp3","Tanaka-sensei (perempuan)","serius-lembut","Hati-hati, jangan tertukar dengan は. Yang kiri ほ, dibaca ""ho"". Yang kanan は, dibaca ""ha""."
"sen_h_ho_07.mp3","Tanaka-sensei (perempuan)","ceria","Contoh katanya: ほし. Artinya ""bintang"". ほし."
"sen_d07_outro.mp3","Tanaka-sensei (perempuan)","bangga","Hebat! Sekarang giliranmu menulis. Salah itu biasa, yang penting mencoba."
"sen_d08_intro.mp3","Tanaka-sensei (perempuan)","ceria","Halo lagi! Hari ini kita belajar huruf: ま、み、む、め、も. Siap?"
"sen_h_ma_01.mp3","Tanaka-sensei (perempuan)","semangat","Huruf pertama kita hari ini: ま."
"sen_h_ma_02.mp3","Tanaka-sensei (perempuan)","tenang","Bacanya ""ma"", sama seperti bunyi ""ma"" dalam bahasa Indonesia. ま."
"sen_h_ma_03.mp3","Tanaka-sensei (perempuan)","tenang","Ada 3 goresan. Perhatikan urutannya baik-baik."
"sen_h_ma_04.mp3","Tanaka-sensei (perempuan)","lucu","Tiang dengan dua palang dan simpul di bawah, seperti MAma mengikat tali."
"sen_h_ma_07.mp3","Tanaka-sensei (perempuan)","ceria","Contoh katanya: まち. Artinya ""kota"". まち."
"sen_h_mi_01.mp3","Tanaka-sensei (perempuan)","semangat","Oke, lanjut ke huruf ini: み."
"sen_h_mi_02.mp3","Tanaka-sensei (perempuan)","tenang","Bacanya ""mi"", sama seperti bunyi ""mi"" dalam bahasa Indonesia. み."
"sen_h_mi_03.mp3","Tanaka-sensei (perempuan)","tenang","Ada 2 goresan. Perhatikan urutannya baik-baik."
"sen_h_mi_04.mp3","Tanaka-sensei (perempuan)","lucu","Seperti angka 21 yang ditulis bersambung: ""MI""."
"sen_h_mi_07.mp3","Tanaka-sensei (perempuan)","ceria","Contoh katanya: みみ. Artinya ""telinga"". みみ."
"sen_h_mu_01.mp3","Tanaka-sensei (perempuan)","semangat","Sekarang, perhatikan huruf ini: む."
"sen_h_mu_02.mp3","Tanaka-sensei (perempuan)","tenang","Bacanya ""mu"", sama seperti bunyi ""mu"" dalam bahasa Indonesia. む."
"sen_h_mu_03.mp3","Tanaka-sensei (perempuan)","tenang","Ada 3 goresan. Perhatikan urutannya baik-baik."
"sen_h_mu_04.mp3","Tanaka-sensei (perempuan)","lucu","Seperti sapi bertanduk yang melenguh: ""MUuu!"""
"sen_h_mu_07.mp3","Tanaka-sensei (perempuan)","ceria","Contoh katanya: むし. Artinya ""serangga"". むし."
"sen_h_me_01.mp3","Tanaka-sensei (perempuan)","semangat","Nah, yang ini juga penting: め."
"sen_h_me_02.mp3","Tanaka-sensei (perempuan)","tenang","Bacanya ""me"". Huruf e-nya seperti pada kata ""enak"", bukan ""emas"". め."
"sen_h_me_03.mp3","Tanaka-sensei (perempuan)","tenang","Ada 2 goresan. Perhatikan urutannya baik-baik."
"sen_h_me_04.mp3","Tanaka-sensei (perempuan)","lucu","Seperti mata. ""Me"" dalam bahasa Jepang memang berarti mata!"
"sen_h_me_06.mp3","Tanaka-sensei (perempuan)","serius-lembut","Hati-hati, jangan tertukar dengan ぬ. Yang kiri め, dibaca ""me"". Yang kanan ぬ, dibaca ""nu""."
"sen_h_me_07.mp3","Tanaka-sensei (perempuan)","ceria","Contoh katanya: め. Artinya ""mata"". め."
"sen_h_mo_01.mp3","Tanaka-sensei (perempuan)","semangat","Terakhir untuk hari ini: も."
"sen_h_mo_02.mp3","Tanaka-sensei (perempuan)","tenang","Bacanya ""mo"", sama seperti bunyi ""mo"" dalam bahasa Indonesia. も."
"sen_h_mo_03.mp3","Tanaka-sensei (perempuan)","tenang","Ada 3 goresan. Perhatikan urutannya baik-baik."
"sen_h_mo_04.mp3","Tanaka-sensei (perempuan)","lucu","Kail pancing dengan dua umpan: ""MOga dapat ikan!"""
"sen_h_mo_07.mp3","Tanaka-sensei (perempuan)","ceria","Contoh katanya: もも. Artinya ""buah persik"". もも."
"sen_d08_outro.mp3","Tanaka-sensei (perempuan)","bangga","Bagus sekali! Ayo praktik menulis. Sensei tunggu hasilmu, ya."
"sen_d09_intro.mp3","Tanaka-sensei (perempuan)","ceria","Selamat datang kembali! Hari ini giliran huruf: や、ゆ、よ、ら、り、る、れ、ろ. Yuk!"
"sen_h_ya_01.mp3","Tanaka-sensei (perempuan)","semangat","Huruf pertama kita hari ini: や."
"sen_h_ya_02.mp3","Tanaka-sensei (perempuan)","tenang","Bacanya ""ya"", sama seperti bunyi ""ya"" dalam bahasa Indonesia. や."
"sen_h_ya_03.mp3","Tanaka-sensei (perempuan)","tenang","Ada 3 goresan. Perhatikan urutannya baik-baik."
"sen_h_ya_04.mp3","Tanaka-sensei (perempuan)","lucu","Seperti yak (hewan) dengan tanduk: ""YA!"""
"sen_h_ya_07.mp3","Tanaka-sensei (perempuan)","ceria","Contoh katanya: やま. Artinya ""gunung"". やま."
"sen_h_yu_01.mp3","Tanaka-sensei (perempuan)","semangat","Oke, lanjut ke huruf ini: ゆ."
"sen_h_yu_02.mp3","Tanaka-sensei (perempuan)","tenang","Bacanya ""yu"", sama seperti bunyi ""yu"" dalam bahasa Indonesia. ゆ."
"sen_h_yu_03.mp3","Tanaka-sensei (perempuan)","tenang","Ada 2 goresan. Perhatikan urutannya baik-baik."
"sen_h_yu_04.mp3","Tanaka-sensei (perempuan)","lucu","Seperti ikan dilihat dari samping: ""YUk makan ikan!"""
"sen_h_yu_07.mp3","Tanaka-sensei (perempuan)","ceria","Contoh katanya: ゆき. Artinya ""salju"". ゆき."
"sen_h_yo_01.mp3","Tanaka-sensei (perempuan)","semangat","Sekarang, perhatikan huruf ini: よ."
"sen_h_yo_02.mp3","Tanaka-sensei (perempuan)","tenang","Bacanya ""yo"", sama seperti bunyi ""yo"" dalam bahasa Indonesia. よ."
"sen_h_yo_03.mp3","Tanaka-sensei (perempuan)","tenang","Ada 2 goresan. Perhatikan urutannya baik-baik."
"sen_h_yo_04.mp3","Tanaka-sensei (perempuan)","lucu","Seperti orang main YOyo."
"sen_h_yo_07.mp3","Tanaka-sensei (perempuan)","ceria","Contoh katanya: よる. Artinya ""malam"". よる."
"sen_h_ra_01.mp3","Tanaka-sensei (perempuan)","semangat","Nah, yang ini juga penting: ら."
"sen_h_ra_02.mp3","Tanaka-sensei (perempuan)","tenang","Bunyi R Jepang ada di antara R dan L. Lidah cukup mengetuk sekali: ra. ら."
"sen_h_ra_03.mp3","Tanaka-sensei (perempuan)","tenang","Ada 2 goresan. Perhatikan urutannya baik-baik."
"sen_h_ra_04.mp3","Tanaka-sensei (perempuan)","lucu","Seperti orang berjongkok dengan titik di kepala: ""RA""."
"sen_h_ra_07.mp3","Tanaka-sensei (perempuan)","ceria","Contoh katanya: さくら. Artinya ""bunga sakura"". さくら."
"sen_h_ri_01.mp3","Tanaka-sensei (perempuan)","semangat","Berikutnya, huruf ini: り."
"sen_h_ri_02.mp3","Tanaka-sensei (perempuan)","tenang","Lidah mengetuk sekali, antara R dan L: ri. り."
"sen_h_ri_03.mp3","Tanaka-sensei (perempuan)","tenang","Ada 2 goresan. Perhatikan urutannya baik-baik."
"sen_h_ri_04.mp3","Tanaka-sensei (perempuan)","lucu","Dua garis seperti aliran sungai (RIver): ""RI""."
"sen_h_ri_06.mp3","Tanaka-sensei (perempuan)","serius-lembut","Hati-hati, jangan tertukar dengan い. Yang kiri り, dibaca ""ri"". Yang kanan い, dibaca ""i""."
"sen_h_ri_07.mp3","Tanaka-sensei (perempuan)","ceria","Contoh katanya: とり. Artinya ""burung"". とり."
"sen_h_ru_01.mp3","Tanaka-sensei (perempuan)","semangat","Oke, lanjut ke huruf ini: る."
"sen_h_ru_02.mp3","Tanaka-sensei (perempuan)","tenang","Lidah mengetuk sekali: ru. る."
"sen_h_ru_03.mp3","Tanaka-sensei (perempuan)","tenang","Cara menulisnya cuma satu goresan. Perhatikan arahnya, ya."
"sen_h_ru_04.mp3","Tanaka-sensei (perempuan)","lucu","Seperti angka 3 dengan lingkaran kecil di bawah: ""RU""."
"sen_h_ru_06.mp3","Tanaka-sensei (perempuan)","serius-lembut","Hati-hati, jangan tertukar dengan ろ. Yang kiri る, dibaca ""ru"". Yang kanan ろ, dibaca ""ro""."
"sen_h_ru_07.mp3","Tanaka-sensei (perempuan)","ceria","Contoh katanya: くるま. Artinya ""mobil"". くるま."
"sen_h_re_01.mp3","Tanaka-sensei (perempuan)","semangat","Sekarang, perhatikan huruf ini: れ."
"sen_h_re_02.mp3","Tanaka-sensei (perempuan)","tenang","Lidah mengetuk sekali: re. れ."
"sen_h_re_03.mp3","Tanaka-sensei (perempuan)","tenang","Ada 2 goresan. Perhatikan urutannya baik-baik."
"sen_h_re_04.mp3","Tanaka-sensei (perempuan)","lucu","Seperti ね tapi ekornya lurus ke kanan: ""RE""."
"sen_h_re_06.mp3","Tanaka-sensei (perempuan)","serius-lembut","Hati-hati, jangan tertukar dengan わ. Yang kiri れ, dibaca ""re"". Yang kanan わ, dibaca ""wa""."
"sen_h_ro_01.mp3","Tanaka-sensei (perempuan)","semangat","Terakhir untuk hari ini: ろ."
"sen_h_ro_02.mp3","Tanaka-sensei (perempuan)","tenang","Lidah mengetuk sekali: ro. ろ."
"sen_h_ro_03.mp3","Tanaka-sensei (perempuan)","tenang","Cara menulisnya cuma satu goresan. Perhatikan arahnya, ya."
"sen_h_ro_04.mp3","Tanaka-sensei (perempuan)","lucu","Seperti る tanpa lingkaran: ""RO""."
"sen_h_ro_06.mp3","Tanaka-sensei (perempuan)","serius-lembut","Hati-hati, jangan tertukar dengan る. Yang kiri ろ, dibaca ""ro"". Yang kanan る, dibaca ""ru""."
"sen_d09_outro.mp3","Tanaka-sensei (perempuan)","bangga","Hebat! Sekarang giliranmu menulis. Salah itu biasa, yang penting mencoba."
"sen_d10_intro.mp3","Tanaka-sensei (perempuan)","ceria","Pagi yang cerah untuk belajar! Hari ini: わ、を、ん. Kita mulai, ya."
"sen_h_wa_01.mp3","Tanaka-sensei (perempuan)","semangat","Huruf pertama kita hari ini: わ."
"sen_h_wa_02.mp3","Tanaka-sensei (perempuan)","tenang","Bacanya ""wa"", sama seperti bunyi ""wa"" dalam bahasa Indonesia. わ."
"sen_h_wa_03.mp3","Tanaka-sensei (perempuan)","tenang","Ada 2 goresan. Perhatikan urutannya baik-baik."
"sen_h_wa_04.mp3","Tanaka-sensei (perempuan)","lucu","Seperti ね tanpa ekor melingkar: ""WAh!"""
"sen_h_wa_06.mp3","Tanaka-sensei (perempuan)","serius-lembut","Hati-hati, jangan tertukar dengan れ. Yang kiri わ, dibaca ""wa"". Yang kanan れ, dibaca ""re""."
"sen_h_wa_07.mp3","Tanaka-sensei (perempuan)","ceria","Contoh katanya: わたし. Artinya ""saya"". わたし."
"sen_h_wo_01.mp3","Tanaka-sensei (perempuan)","semangat","Oke, lanjut ke huruf ini: を."
"sen_h_wo_02.mp3","Tanaka-sensei (perempuan)","tenang","Walaupun ditulis ""wo"", bacanya ""o"". Huruf ini hampir hanya dipakai sebagai partikel. を."
"sen_h_wo_03.mp3","Tanaka-sensei (perempuan)","tenang","Ada 3 goresan. Perhatikan urutannya baik-baik."
"sen_h_wo_04.mp3","Tanaka-sensei (perempuan)","lucu","Seperti orang kaget: ""WOah!"" Dibaca ""o"", hanya dipakai sebagai partikel."
"sen_h_wo_07.mp3","Tanaka-sensei (perempuan)","ceria","Contohnya: パン を たべます. Artinya ""makan roti"". を menunjukkan benda yang dimakan."
"sen_h_n_01.mp3","Tanaka-sensei (perempuan)","semangat","Terakhir untuk hari ini: ん."
"sen_h_n_02.mp3","Tanaka-sensei (perempuan)","tenang","Bacanya ""n"" saja, tanpa huruf hidup. Satu ketukan penuh, lho. ん."
"sen_h_n_03.mp3","Tanaka-sensei (perempuan)","tenang","Cara menulisnya cuma satu goresan. Perhatikan arahnya, ya."
"sen_h_n_04.mp3","Tanaka-sensei (perempuan)","lucu","Seperti huruf ""n"" kecil yang ditulis miring: ""N""."
"sen_h_n_07.mp3","Tanaka-sensei (perempuan)","ceria","Contoh katanya: ほん. Artinya ""buku"". ほん."
"sen_d10_outro.mp3","Tanaka-sensei (perempuan)","bangga","Bagus sekali! Ayo praktik menulis. Sensei tunggu hasilmu, ya."
"sen_d12_intro.mp3","Tanaka-sensei (perempuan)","ceria","Selamat datang di dunia katakana! Bunyinya sama dengan hiragana, hanya bentuknya lebih tegas dan bersudut."
"sen_k_a_01.mp3","Tanaka-sensei (perempuan)","semangat","Huruf pertama kita hari ini: ア."
"sen_k_a_02.mp3","Tanaka-sensei (perempuan)","tenang","Bacanya ""a"", sama seperti bunyi ""a"" dalam bahasa Indonesia. ア."
"sen_k_a_03.mp3","Tanaka-sensei (perempuan)","tenang","Ada 2 goresan. Perhatikan urutannya baik-baik."
"sen_k_a_04.mp3","Tanaka-sensei (perempuan)","lucu","Seperti kapak (axe) yang miring: ""A""."
"sen_k_a_05.mp3","Tanaka-sensei (perempuan)","tenang","Pasangan hiragananya adalah あ. Bunyinya sama persis: ア, あ."
"sen_k_a_06.mp3","Tanaka-sensei (perempuan)","serius-lembut","Hati-hati, jangan tertukar dengan マ. Yang kiri ア, dibaca ""a"". Yang kanan マ, dibaca ""ma""."
"sen_k_a_07.mp3","Tanaka-sensei (perempuan)","ceria","Contoh katanya: アイス. Artinya ""es krim"". アイス."
"sen_k_i_01.mp3","Tanaka-sensei (perempuan)","semangat","Oke, lanjut ke huruf ini: イ."
"sen_k_i_02.mp3","Tanaka-sensei (perempuan)","tenang","Bacanya ""i"", sama seperti bunyi ""i"" dalam bahasa Indonesia. イ."
"sen_k_i_03.mp3","Tanaka-sensei (perempuan)","tenang","Ada 2 goresan. Perhatikan urutannya baik-baik."
"sen_k_i_04.mp3","Tanaka-sensei (perempuan)","lucu","Seperti orang bersandar ke tiang: ""I""."
"sen_k_i_05.mp3","Tanaka-sensei (perempuan)","tenang","Pasangan hiragananya adalah い. Bunyinya sama persis: イ, い."
"sen_k_i_07.mp3","Tanaka-sensei (perempuan)","ceria","Contoh katanya: トイレ. Artinya ""toilet"". トイレ."
"sen_k_u_01.mp3","Tanaka-sensei (perempuan)","semangat","Sekarang, perhatikan huruf ini: ウ."
"sen_k_u_02.mp3","Tanaka-sensei (perempuan)","tenang","Bacanya ""u"", bibir tidak terlalu dimonyongkan. ウ."
"sen_k_u_03.mp3","Tanaka-sensei (perempuan)","tenang","Ada 3 goresan. Perhatikan urutannya baik-baik."
"sen_k_u_04.mp3","Tanaka-sensei (perempuan)","lucu","Mirip う versi bersudut, dengan titik di atas: ""U""."
"sen_k_u_05.mp3","Tanaka-sensei (perempuan)","tenang","Pasangan hiragananya adalah う. Bunyinya sama persis: ウ, う."
"sen_k_u_06.mp3","Tanaka-sensei (perempuan)","serius-lembut","Hati-hati, jangan tertukar dengan ワ. Yang kiri ウ, dibaca ""u"". Yang kanan ワ, dibaca ""wa""."
"sen_k_e_01.mp3","Tanaka-sensei (perempuan)","semangat","Nah, yang ini juga penting: エ."
"sen_k_e_02.mp3","Tanaka-sensei (perempuan)","tenang","Bacanya ""e"". Huruf e-nya seperti pada kata ""enak"", bukan ""emas"". エ."
"sen_k_e_03.mp3","Tanaka-sensei (perempuan)","tenang","Ada 3 goresan. Perhatikan urutannya baik-baik."
"sen_k_e_04.mp3","Tanaka-sensei (perempuan)","lucu","Seperti balok besi (I-beam) untuk bangunan: ""E""."
"sen_k_e_05.mp3","Tanaka-sensei (perempuan)","tenang","Pasangan hiragananya adalah え. Bunyinya sama persis: エ, え."
"sen_k_o_01.mp3","Tanaka-sensei (perempuan)","semangat","Terakhir untuk hari ini: オ."
"sen_k_o_02.mp3","Tanaka-sensei (perempuan)","tenang","Bacanya ""o"", sama seperti bunyi ""o"" dalam bahasa Indonesia. オ."
"sen_k_o_03.mp3","Tanaka-sensei (perempuan)","tenang","Ada 3 goresan. Perhatikan urutannya baik-baik."
"sen_k_o_04.mp3","Tanaka-sensei (perempuan)","lucu","Seperti orang berolahraga dengan tangan terbuka: ""O""."
"sen_k_o_05.mp3","Tanaka-sensei (perempuan)","tenang","Pasangan hiragananya adalah お. Bunyinya sama persis: オ, お."
"sen_d12_outro.mp3","Tanaka-sensei (perempuan)","bangga","Bagus sekali! Ayo praktik menulis. Sensei tunggu hasilmu, ya."
"sen_d13_intro.mp3","Tanaka-sensei (perempuan)","ceria","Selamat datang kembali! Hari ini giliran huruf: カ、キ、ク、ケ、コ. Yuk!"
"sen_k_ka_01.mp3","Tanaka-sensei (perempuan)","semangat","Huruf pertama kita hari ini: カ."
"sen_k_ka_02.mp3","Tanaka-sensei (perempuan)","tenang","Bacanya ""ka"", sama seperti bunyi ""ka"" dalam bahasa Indonesia. カ."
"sen_k_ka_03.mp3","Tanaka-sensei (perempuan)","tenang","Ada 2 goresan. Perhatikan urutannya baik-baik."
"sen_k_ka_04.mp3","Tanaka-sensei (perempuan)","lucu","Mirip か hiragana tanpa titik: ""KA""."
"sen_k_ka_05.mp3","Tanaka-sensei (perempuan)","tenang","Pasangan hiragananya adalah か. Bunyinya sama persis: カ, か."
"sen_k_ka_07.mp3","Tanaka-sensei (perempuan)","ceria","Contoh katanya: カメラ. Artinya ""kamera"". カメラ."
"sen_k_ki_01.mp3","Tanaka-sensei (perempuan)","semangat","Oke, lanjut ke huruf ini: キ."
"sen_k_ki_02.mp3","Tanaka-sensei (perempuan)","tenang","Bacanya ""ki"", sama seperti bunyi ""ki"" dalam bahasa Indonesia. キ."
"sen_k_ki_03.mp3","Tanaka-sensei (perempuan)","tenang","Ada 3 goresan. Perhatikan urutannya baik-baik."
"sen_k_ki_04.mp3","Tanaka-sensei (perempuan)","lucu","Mirip き versi lurus, seperti anak kunci: ""KI""."
"sen_k_ki_05.mp3","Tanaka-sensei (perempuan)","tenang","Pasangan hiragananya adalah き. Bunyinya sama persis: キ, き."
"sen_k_ki_07.mp3","Tanaka-sensei (perempuan)","ceria","Contoh katanya: ケーキ. Artinya ""kue"". ケーキ."
"sen_k_ku_01.mp3","Tanaka-sensei (perempuan)","semangat","Sekarang, perhatikan huruf ini: ク."
"sen_k_ku_02.mp3","Tanaka-sensei (perempuan)","tenang","Bacanya ""ku"", sama seperti bunyi ""ku"" dalam bahasa Indonesia. ク."
"sen_k_ku_03.mp3","Tanaka-sensei (perempuan)","tenang","Ada 2 goresan. Perhatikan urutannya baik-baik."
"sen_k_ku_04.mp3","Tanaka-sensei (perempuan)","lucu","Seperti paruh burung dilihat dari samping: ""KU""."
"sen_k_ku_05.mp3","Tanaka-sensei (perempuan)","tenang","Pasangan hiragananya adalah く. Bunyinya sama persis: ク, く."
"sen_k_ku_06.mp3","Tanaka-sensei (perempuan)","serius-lembut","Hati-hati, jangan tertukar dengan ケ. Yang kiri ク, dibaca ""ku"". Yang kanan ケ, dibaca ""ke""."
"sen_k_ku_07.mp3","Tanaka-sensei (perempuan)","ceria","Contoh katanya: タクシー. Artinya ""taksi"". タクシー."
"sen_k_ke_01.mp3","Tanaka-sensei (perempuan)","semangat","Nah, yang ini juga penting: ケ."
"sen_k_ke_02.mp3","Tanaka-sensei (perempuan)","tenang","Bacanya ""ke"". Huruf e-nya seperti pada kata ""enak"", bukan ""emas"". ケ."
"sen_k_ke_03.mp3","Tanaka-sensei (perempuan)","tenang","Ada 3 goresan. Perhatikan urutannya baik-baik."
"sen_k_ke_04.mp3","Tanaka-sensei (perempuan)","lucu","Seperti huruf ""K"" yang miring: ""KE""."
"sen_k_ke_05.mp3","Tanaka-sensei (perempuan)","tenang","Pasangan hiragananya adalah け. Bunyinya sama persis: ケ, け."
"sen_k_ke_06.mp3","Tanaka-sensei (perempuan)","serius-lembut","Hati-hati, jangan tertukar dengan ク. Yang kiri ケ, dibaca ""ke"". Yang kanan ク, dibaca ""ku""."
"sen_k_ko_01.mp3","Tanaka-sensei (perempuan)","semangat","Terakhir untuk hari ini: コ."
"sen_k_ko_02.mp3","Tanaka-sensei (perempuan)","tenang","Bacanya ""ko"", sama seperti bunyi ""ko"" dalam bahasa Indonesia. コ."
"sen_k_ko_03.mp3","Tanaka-sensei (perempuan)","tenang","Ada 2 goresan. Perhatikan urutannya baik-baik."
"sen_k_ko_04.mp3","Tanaka-sensei (perempuan)","lucu","Seperti sudut kotak yang terbuka: ""KO""."
"sen_k_ko_05.mp3","Tanaka-sensei (perempuan)","tenang","Pasangan hiragananya adalah こ. Bunyinya sama persis: コ, こ."
"sen_k_ko_06.mp3","Tanaka-sensei (perempuan)","serius-lembut","Hati-hati, jangan tertukar dengan ユ. Yang kiri コ, dibaca ""ko"". Yang kanan ユ, dibaca ""yu""."
"sen_k_ko_07.mp3","Tanaka-sensei (perempuan)","ceria","Contoh katanya: ココア. Artinya ""cokelat panas"". ココア."
"sen_d13_outro.mp3","Tanaka-sensei (perempuan)","bangga","Hebat! Sekarang giliranmu menulis. Salah itu biasa, yang penting mencoba."
"sen_d14_intro.mp3","Tanaka-sensei (perempuan)","ceria","Pagi yang cerah untuk belajar! Hari ini: サ、シ、ス、セ、ソ. Kita mulai, ya."
"sen_k_sa_01.mp3","Tanaka-sensei (perempuan)","semangat","Huruf pertama kita hari ini: サ."
"sen_k_sa_02.mp3","Tanaka-sensei (perempuan)","tenang","Bacanya ""sa"", sama seperti bunyi ""sa"" dalam bahasa Indonesia. サ."
"sen_k_sa_03.mp3","Tanaka-sensei (perempuan)","tenang","Ada 3 goresan. Perhatikan urutannya baik-baik."
"sen_k_sa_04.mp3","Tanaka-sensei (perempuan)","lucu","Seperti rak dengan dua tiang, mirip さ: ""SA""."
"sen_k_sa_05.mp3","Tanaka-sensei (perempuan)","tenang","Pasangan hiragananya adalah さ. Bunyinya sama persis: サ, さ."
"sen_k_shi_01.mp3","Tanaka-sensei (perempuan)","semangat","Oke, lanjut ke huruf ini: シ."
"sen_k_shi_02.mp3","Tanaka-sensei (perempuan)","tenang","Bacanya ""shi"", seperti ""syi"" yang lembut, bukan ""si"". シ."
"sen_k_shi_03.mp3","Tanaka-sensei (perempuan)","tenang","Ada 3 goresan. Perhatikan urutannya baik-baik."
"sen_k_shi_04.mp3","Tanaka-sensei (perempuan)","lucu","Dua titik di kiri, goresan panjang NAIK dari bawah: ""SHI"". Beda dengan ツ!"
"sen_k_shi_05.mp3","Tanaka-sensei (perempuan)","tenang","Pasangan hiragananya adalah し. Bunyinya sama persis: シ, し."
"sen_k_shi_06.mp3","Tanaka-sensei (perempuan)","serius-lembut","Hati-hati, jangan tertukar dengan ツ. Yang kiri シ, dibaca ""shi"". Yang kanan ツ, dibaca ""tsu""."
"sen_k_su_01.mp3","Tanaka-sensei (perempuan)","semangat","Sekarang, perhatikan huruf ini: ス."
"sen_k_su_02.mp3","Tanaka-sensei (perempuan)","tenang","Bacanya ""su"". Huruf u di akhir sering terdengar samar, seperti ""s"" saja. ス."
"sen_k_su_03.mp3","Tanaka-sensei (perempuan)","tenang","Ada 2 goresan. Perhatikan urutannya baik-baik."
"sen_k_su_04.mp3","Tanaka-sensei (perempuan)","lucu","Seperti orang berseluncur dengan kaki terbuka: ""SU""."
"sen_k_su_05.mp3","Tanaka-sensei (perempuan)","tenang","Pasangan hiragananya adalah す. Bunyinya sama persis: ス, す."
"sen_k_su_06.mp3","Tanaka-sensei (perempuan)","serius-lembut","Hati-hati, jangan tertukar dengan ヌ. Yang kiri ス, dibaca ""su"". Yang kanan ヌ, dibaca ""nu""."
"sen_k_su_07.mp3","Tanaka-sensei (perempuan)","ceria","Contoh katanya: スキー. Artinya ""ski"". スキー."
"sen_k_se_01.mp3","Tanaka-sensei (perempuan)","semangat","Nah, yang ini juga penting: セ."
"sen_k_se_02.mp3","Tanaka-sensei (perempuan)","tenang","Bacanya ""se"". Huruf e-nya seperti pada kata ""enak"", bukan ""emas"". セ."
"sen_k_se_03.mp3","Tanaka-sensei (perempuan)","tenang","Ada 2 goresan. Perhatikan urutannya baik-baik."
"sen_k_se_04.mp3","Tanaka-sensei (perempuan)","lucu","Mirip せ hiragana: ""SE""."
"sen_k_se_05.mp3","Tanaka-sensei (perempuan)","tenang","Pasangan hiragananya adalah せ. Bunyinya sama persis: セ, せ."
"sen_k_se_07.mp3","Tanaka-sensei (perempuan)","ceria","Contoh katanya: セーター. Artinya ""sweter"". セーター."
"sen_k_so_01.mp3","Tanaka-sensei (perempuan)","semangat","Terakhir untuk hari ini: ソ."
"sen_k_so_02.mp3","Tanaka-sensei (perempuan)","tenang","Bacanya ""so"", sama seperti bunyi ""so"" dalam bahasa Indonesia. ソ."
"sen_k_so_03.mp3","Tanaka-sensei (perempuan)","tenang","Ada 2 goresan. Perhatikan urutannya baik-baik."
"sen_k_so_04.mp3","Tanaka-sensei (perempuan)","lucu","Dua goresan, yang panjang TURUN dari atas: ""SO"". Beda dengan ン!"
"sen_k_so_05.mp3","Tanaka-sensei (perempuan)","tenang","Pasangan hiragananya adalah そ. Bunyinya sama persis: ソ, そ."
"sen_k_so_06.mp3","Tanaka-sensei (perempuan)","serius-lembut","Hati-hati, jangan tertukar dengan ン. Yang kiri ソ, dibaca ""so"". Yang kanan ン, dibaca ""n""."
"sen_k_so_07.mp3","Tanaka-sensei (perempuan)","ceria","Contoh katanya: メロンソーダ. Artinya ""melon soda"". メロンソーダ."
"sen_d14_outro.mp3","Tanaka-sensei (perempuan)","bangga","Bagus sekali! Ayo praktik menulis. Sensei tunggu hasilmu, ya."
"sen_d15_intro.mp3","Tanaka-sensei (perempuan)","ceria","Halo lagi! Hari ini kita belajar huruf: タ、チ、ツ、テ、ト. Siap?"
"sen_k_ta_01.mp3","Tanaka-sensei (perempuan)","semangat","Huruf pertama kita hari ini: タ."
"sen_k_ta_02.mp3","Tanaka-sensei (perempuan)","tenang","Bacanya ""ta"", sama seperti bunyi ""ta"" dalam bahasa Indonesia. タ."
"sen_k_ta_03.mp3","Tanaka-sensei (perempuan)","tenang","Ada 3 goresan. Perhatikan urutannya baik-baik."
"sen_k_ta_04.mp3","Tanaka-sensei (perempuan)","lucu","Seperti ク dengan garis tambahan di tengah: ""TA""."
"sen_k_ta_05.mp3","Tanaka-sensei (perempuan)","tenang","Pasangan hiragananya adalah た. Bunyinya sama persis: タ, た."
"sen_k_ta_07.mp3","Tanaka-sensei (perempuan)","ceria","Contoh katanya: ネクタイ. Artinya ""dasi"". ネクタイ."
"sen_k_chi_01.mp3","Tanaka-sensei (perempuan)","semangat","Oke, lanjut ke huruf ini: チ."
"sen_k_chi_02.mp3","Tanaka-sensei (perempuan)","tenang","Bacanya ""chi"", mirip ""ci"" dalam kata cinta. チ."
"sen_k_chi_03.mp3","Tanaka-sensei (perempuan)","tenang","Ada 3 goresan. Perhatikan urutannya baik-baik."
"sen_k_chi_04.mp3","Tanaka-sensei (perempuan)","lucu","Mirip angka 千 (seribu) versi miring: ""CHI""."
"sen_k_chi_05.mp3","Tanaka-sensei (perempuan)","tenang","Pasangan hiragananya adalah ち. Bunyinya sama persis: チ, ち."
"sen_k_chi_06.mp3","Tanaka-sensei (perempuan)","serius-lembut","Hati-hati, jangan tertukar dengan テ. Yang kiri チ, dibaca ""chi"". Yang kanan テ, dibaca ""te""."
"sen_k_chi_07.mp3","Tanaka-sensei (perempuan)","ceria","Contoh katanya: チキン. Artinya ""ayam goreng"". チキン."
"sen_k_tsu_01.mp3","Tanaka-sensei (perempuan)","semangat","Sekarang, perhatikan huruf ini: ツ."
"sen_k_tsu_02.mp3","Tanaka-sensei (perempuan)","tenang","Bacanya ""tsu"". Ujung lidah menempel sebentar, lalu ""su"". Pelan-pelan: ts, tsu. ツ."
"sen_k_tsu_03.mp3","Tanaka-sensei (perempuan)","tenang","Ada 3 goresan. Perhatikan urutannya baik-baik."
"sen_k_tsu_04.mp3","Tanaka-sensei (perempuan)","lucu","Dua titik di atas, goresan panjang TURUN dari atas: ""TSU"". Beda dengan シ!"
"sen_k_tsu_05.mp3","Tanaka-sensei (perempuan)","tenang","Pasangan hiragananya adalah つ. Bunyinya sama persis: ツ, つ."
"sen_k_tsu_06.mp3","Tanaka-sensei (perempuan)","serius-lembut","Hati-hati, jangan tertukar dengan シ. Yang kiri ツ, dibaca ""tsu"". Yang kanan シ, dibaca ""shi""."
"sen_k_te_01.mp3","Tanaka-sensei (perempuan)","semangat","Nah, yang ini juga penting: テ."
"sen_k_te_02.mp3","Tanaka-sensei (perempuan)","tenang","Bacanya ""te"". Huruf e-nya seperti pada kata ""enak"", bukan ""emas"". テ."
"sen_k_te_03.mp3","Tanaka-sensei (perempuan)","tenang","Ada 3 goresan. Perhatikan urutannya baik-baik."
"sen_k_te_04.mp3","Tanaka-sensei (perempuan)","lucu","Seperti tiang telepon dengan kabel: ""TE""."
"sen_k_te_05.mp3","Tanaka-sensei (perempuan)","tenang","Pasangan hiragananya adalah て. Bunyinya sama persis: テ, て."
"sen_k_te_06.mp3","Tanaka-sensei (perempuan)","serius-lembut","Hati-hati, jangan tertukar dengan チ. Yang kiri テ, dibaca ""te"". Yang kanan チ, dibaca ""chi""."
"sen_k_te_07.mp3","Tanaka-sensei (perempuan)","ceria","Contoh katanya: テニス. Artinya ""tenis"". テニス."
"sen_k_to_01.mp3","Tanaka-sensei (perempuan)","semangat","Terakhir untuk hari ini: ト."
"sen_k_to_02.mp3","Tanaka-sensei (perempuan)","tenang","Bacanya ""to"", sama seperti bunyi ""to"" dalam bahasa Indonesia. ト."
"sen_k_to_03.mp3","Tanaka-sensei (perempuan)","tenang","Ada 2 goresan. Perhatikan urutannya baik-baik."
"sen_k_to_04.mp3","Tanaka-sensei (perempuan)","lucu","Seperti tongkat dengan cabang kecil: ""TO""."
"sen_k_to_05.mp3","Tanaka-sensei (perempuan)","tenang","Pasangan hiragananya adalah と. Bunyinya sama persis: ト, と."
"sen_k_to_07.mp3","Tanaka-sensei (perempuan)","ceria","Contoh katanya: スカート. Artinya ""rok"". スカート."
"sen_d15_outro.mp3","Tanaka-sensei (perempuan)","bangga","Hebat! Sekarang giliranmu menulis. Salah itu biasa, yang penting mencoba."
"sen_d17_intro.mp3","Tanaka-sensei (perempuan)","ceria","Selamat datang kembali! Hari ini giliran huruf: ナ、ニ、ヌ、ネ、ノ. Yuk!"
"sen_k_na_01.mp3","Tanaka-sensei (perempuan)","semangat","Huruf pertama kita hari ini: ナ."
"sen_k_na_02.mp3","Tanaka-sensei (perempuan)","tenang","Bacanya ""na"", sama seperti bunyi ""na"" dalam bahasa Indonesia. ナ."
"sen_k_na_03.mp3","Tanaka-sensei (perempuan)","tenang","Ada 2 goresan. Perhatikan urutannya baik-baik."
"sen_k_na_04.mp3","Tanaka-sensei (perempuan)","lucu","Seperti tanda tambah yang miring: ""NA""."
"sen_k_na_05.mp3","Tanaka-sensei (perempuan)","tenang","Pasangan hiragananya adalah な. Bunyinya sama persis: ナ, な."
"sen_k_na_07.mp3","Tanaka-sensei (perempuan)","ceria","Contoh katanya: ナース. Artinya ""perawat"". ナース."
"sen_k_ni_01.mp3","Tanaka-sensei (perempuan)","semangat","Oke, lanjut ke huruf ini: ニ."
"sen_k_ni_02.mp3","Tanaka-sensei (perempuan)","tenang","Bacanya ""ni"", sama seperti bunyi ""ni"" dalam bahasa Indonesia. ニ."
"sen_k_ni_03.mp3","Tanaka-sensei (perempuan)","tenang","Ada 2 goresan. Perhatikan urutannya baik-baik."
"sen_k_ni_04.mp3","Tanaka-sensei (perempuan)","lucu","Dua garis, sama seperti angka 二 (dua = ""ni"")!"
"sen_k_ni_05.mp3","Tanaka-sensei (perempuan)","tenang","Pasangan hiragananya adalah に. Bunyinya sama persis: ニ, に."
"sen_k_ni_07.mp3","Tanaka-sensei (perempuan)","ceria","Contoh katanya: アニメ. Artinya ""anime"". アニメ."
"sen_k_nu_01.mp3","Tanaka-sensei (perempuan)","semangat","Sekarang, perhatikan huruf ini: ヌ."
"sen_k_nu_02.mp3","Tanaka-sensei (perempuan)","tenang","Bacanya ""nu"", sama seperti bunyi ""nu"" dalam bahasa Indonesia. ヌ."
"sen_k_nu_03.mp3","Tanaka-sensei (perempuan)","tenang","Ada 2 goresan. Perhatikan urutannya baik-baik."
"sen_k_nu_04.mp3","Tanaka-sensei (perempuan)","lucu","Seperti sumpit yang menjepit mi (noodle): ""NU""."
"sen_k_nu_05.mp3","Tanaka-sensei (perempuan)","tenang","Pasangan hiragananya adalah ぬ. Bunyinya sama persis: ヌ, ぬ."
"sen_k_nu_06.mp3","Tanaka-sensei (perempuan)","serius-lembut","Hati-hati, jangan tertukar dengan ス. Yang kiri ヌ, dibaca ""nu"". Yang kanan ス, dibaca ""su""."
"sen_k_ne_01.mp3","Tanaka-sensei (perempuan)","semangat","Nah, yang ini juga penting: ネ."
"sen_k_ne_02.mp3","Tanaka-sensei (perempuan)","tenang","Bacanya ""ne"". Huruf e-nya seperti pada kata ""enak"", bukan ""emas"". ネ."
"sen_k_ne_03.mp3","Tanaka-sensei (perempuan)","tenang","Ada 4 goresan. Perhatikan urutannya baik-baik."
"sen_k_ne_04.mp3","Tanaka-sensei (perempuan)","lucu","Seperti nenek berdiri dengan tongkat: ""NE""."
"sen_k_ne_05.mp3","Tanaka-sensei (perempuan)","tenang","Pasangan hiragananya adalah ね. Bunyinya sama persis: ネ, ね."
"sen_k_no_01.mp3","Tanaka-sensei (perempuan)","semangat","Terakhir untuk hari ini: ノ."
"sen_k_no_02.mp3","Tanaka-sensei (perempuan)","tenang","Bacanya ""no"", sama seperti bunyi ""no"" dalam bahasa Indonesia. ノ."
"sen_k_no_03.mp3","Tanaka-sensei (perempuan)","tenang","Cara menulisnya cuma satu goresan. Perhatikan arahnya, ya."
"sen_k_no_04.mp3","Tanaka-sensei (perempuan)","lucu","Satu goresan miring, seperti menulis ""NO"" terburu-buru."
"sen_k_no_05.mp3","Tanaka-sensei (perempuan)","tenang","Pasangan hiragananya adalah の. Bunyinya sama persis: ノ, の."
"sen_k_no_06.mp3","Tanaka-sensei (perempuan)","serius-lembut","Hati-hati, jangan tertukar dengan ソ. Yang kiri ノ, dibaca ""no"". Yang kanan ソ, dibaca ""so""."
"sen_k_no_07.mp3","Tanaka-sensei (perempuan)","ceria","Contoh katanya: ノート. Artinya ""buku tulis"". ノート."
"sen_d17_outro.mp3","Tanaka-sensei (perempuan)","bangga","Hebat! Sekarang giliranmu menulis. Salah itu biasa, yang penting mencoba."
"sen_d18_intro.mp3","Tanaka-sensei (perempuan)","ceria","Pagi yang cerah untuk belajar! Hari ini: ハ、ヒ、フ、ヘ、ホ. Kita mulai, ya."
"sen_k_ha_01.mp3","Tanaka-sensei (perempuan)","semangat","Huruf pertama kita hari ini: ハ."
"sen_k_ha_02.mp3","Tanaka-sensei (perempuan)","tenang","Bacanya ""ha"". Tapi kalau jadi partikel, dibaca ""wa"". Nanti kita pelajari. ハ."
"sen_k_ha_03.mp3","Tanaka-sensei (perempuan)","tenang","Ada 2 goresan. Perhatikan urutannya baik-baik."
"sen_k_ha_04.mp3","Tanaka-sensei (perempuan)","lucu","Dua garis seperti atap terbuka, orang tertawa ""HAha"": ""HA""."
"sen_k_ha_05.mp3","Tanaka-sensei (perempuan)","tenang","Pasangan hiragananya adalah は. Bunyinya sama persis: ハ, は."
"sen_k_ha_07.mp3","Tanaka-sensei (perempuan)","ceria","Contoh katanya: ハム. Artinya ""daging ham"". ハム."
"sen_k_hi_01.mp3","Tanaka-sensei (perempuan)","semangat","Oke, lanjut ke huruf ini: ヒ."
"sen_k_hi_02.mp3","Tanaka-sensei (perempuan)","tenang","Bacanya ""hi"", sama seperti bunyi ""hi"" dalam bahasa Indonesia. ヒ."
"sen_k_hi_03.mp3","Tanaka-sensei (perempuan)","tenang","Ada 2 goresan. Perhatikan urutannya baik-baik."
"sen_k_hi_04.mp3","Tanaka-sensei (perempuan)","lucu","Seperti orang duduk bersandar sambil terkekeh ""HIhi""."
"sen_k_hi_05.mp3","Tanaka-sensei (perempuan)","tenang","Pasangan hiragananya adalah ひ. Bunyinya sama persis: ヒ, ひ."
"sen_k_hi_07.mp3","Tanaka-sensei (perempuan)","ceria","Contoh katanya: ヒーロー. Artinya ""pahlawan"". ヒーロー."
"sen_k_fu_01.mp3","Tanaka-sensei (perempuan)","semangat","Sekarang, perhatikan huruf ini: フ."
"sen_k_fu_02.mp3","Tanaka-sensei (perempuan)","tenang","Bacanya ""fu"", tapi bibir tidak menyentuh gigi. Seperti meniup lilin pelan: fu. フ."
"sen_k_fu_03.mp3","Tanaka-sensei (perempuan)","tenang","Cara menulisnya cuma satu goresan. Perhatikan arahnya, ya."
"sen_k_fu_04.mp3","Tanaka-sensei (perempuan)","lucu","Seperti bendera kecil yang tertiup angin ""FUuu""."
"sen_k_fu_05.mp3","Tanaka-sensei (perempuan)","tenang","Pasangan hiragananya adalah ふ. Bunyinya sama persis: フ, ふ."
"sen_k_fu_07.mp3","Tanaka-sensei (perempuan)","ceria","Contoh katanya: ナイフ. Artinya ""pisau"". ナイフ."
"sen_k_he_01.mp3","Tanaka-sensei (perempuan)","semangat","Nah, yang ini juga penting: ヘ."
"sen_k_he_02.mp3","Tanaka-sensei (perempuan)","tenang","Bacanya ""he"". Kalau jadi partikel arah, dibaca ""e"". ヘ."
"sen_k_he_03.mp3","Tanaka-sensei (perempuan)","tenang","Cara menulisnya cuma satu goresan. Perhatikan arahnya, ya."
"sen_k_he_04.mp3","Tanaka-sensei (perempuan)","lucu","Sama persis dengan へ hiragana: ""HE""."
"sen_k_he_05.mp3","Tanaka-sensei (perempuan)","tenang","Pasangan hiragananya adalah へ. Bunyinya sama persis: ヘ, へ."
"sen_k_he_06.mp3","Tanaka-sensei (perempuan)","serius-lembut","Hati-hati, jangan tertukar dengan へ. Yang kiri ヘ, dibaca ""he"". Yang kanan へ, dibaca ""he""."
"sen_k_ho_01.mp3","Tanaka-sensei (perempuan)","semangat","Terakhir untuk hari ini: ホ."
"sen_k_ho_02.mp3","Tanaka-sensei (perempuan)","tenang","Bacanya ""ho"", sama seperti bunyi ""ho"" dalam bahasa Indonesia. ホ."
"sen_k_ho_03.mp3","Tanaka-sensei (perempuan)","tenang","Ada 4 goresan. Perhatikan urutannya baik-baik."
"sen_k_ho_04.mp3","Tanaka-sensei (perempuan)","lucu","Seperti salib dengan dua kaki kecil, mirip ほ: ""HO""."
"sen_k_ho_05.mp3","Tanaka-sensei (perempuan)","tenang","Pasangan hiragananya adalah ほ. Bunyinya sama persis: ホ, ほ."
"sen_k_ho_07.mp3","Tanaka-sensei (perempuan)","ceria","Contoh katanya: ホテル. Artinya ""hotel"". ホテル."
"sen_d18_outro.mp3","Tanaka-sensei (perempuan)","bangga","Bagus sekali! Ayo praktik menulis. Sensei tunggu hasilmu, ya."
"sen_d19_intro.mp3","Tanaka-sensei (perempuan)","ceria","Halo lagi! Hari ini kita belajar huruf: マ、ミ、ム、メ、モ. Siap?"
"sen_k_ma_01.mp3","Tanaka-sensei (perempuan)","semangat","Huruf pertama kita hari ini: マ."
"sen_k_ma_02.mp3","Tanaka-sensei (perempuan)","tenang","Bacanya ""ma"", sama seperti bunyi ""ma"" dalam bahasa Indonesia. マ."
"sen_k_ma_03.mp3","Tanaka-sensei (perempuan)","tenang","Ada 2 goresan. Perhatikan urutannya baik-baik."
"sen_k_ma_04.mp3","Tanaka-sensei (perempuan)","lucu","Seperti kepala maskot dengan dagu runcing: ""MA""."
"sen_k_ma_05.mp3","Tanaka-sensei (perempuan)","tenang","Pasangan hiragananya adalah ま. Bunyinya sama persis: マ, ま."
"sen_k_ma_06.mp3","Tanaka-sensei (perempuan)","serius-lembut","Hati-hati, jangan tertukar dengan ア. Yang kiri マ, dibaca ""ma"". Yang kanan ア, dibaca ""a""."
"sen_k_ma_07.mp3","Tanaka-sensei (perempuan)","ceria","Contoh katanya: マスク. Artinya ""masker"". マスク."
"sen_k_mi_01.mp3","Tanaka-sensei (perempuan)","semangat","Oke, lanjut ke huruf ini: ミ."
"sen_k_mi_02.mp3","Tanaka-sensei (perempuan)","tenang","Bacanya ""mi"", sama seperti bunyi ""mi"" dalam bahasa Indonesia. ミ."
"sen_k_mi_03.mp3","Tanaka-sensei (perempuan)","tenang","Ada 3 goresan. Perhatikan urutannya baik-baik."
"sen_k_mi_04.mp3","Tanaka-sensei (perempuan)","lucu","Tiga garis miring, seperti angka 3 (mittsu): ""MI""."
"sen_k_mi_05.mp3","Tanaka-sensei (perempuan)","tenang","Pasangan hiragananya adalah み. Bunyinya sama persis: ミ, み."
"sen_k_mi_07.mp3","Tanaka-sensei (perempuan)","ceria","Contoh katanya: ミルク. Artinya ""susu"". ミルク."
"sen_k_mu_01.mp3","Tanaka-sensei (perempuan)","semangat","Sekarang, perhatikan huruf ini: ム."
"sen_k_mu_02.mp3","Tanaka-sensei (perempuan)","tenang","Bacanya ""mu"", sama seperti bunyi ""mu"" dalam bahasa Indonesia. ム."
"sen_k_mu_03.mp3","Tanaka-sensei (perempuan)","tenang","Ada 2 goresan. Perhatikan urutannya baik-baik."
"sen_k_mu_04.mp3","Tanaka-sensei (perempuan)","lucu","Seperti lengan berotot (muscle): ""MU""."
"sen_k_mu_05.mp3","Tanaka-sensei (perempuan)","tenang","Pasangan hiragananya adalah む. Bunyinya sama persis: ム, む."
"sen_k_mu_07.mp3","Tanaka-sensei (perempuan)","ceria","Contoh katanya: ゲーム. Artinya ""gim"". ゲーム."
"sen_k_me_01.mp3","Tanaka-sensei (perempuan)","semangat","Nah, yang ini juga penting: メ."
"sen_k_me_02.mp3","Tanaka-sensei (perempuan)","tenang","Bacanya ""me"". Huruf e-nya seperti pada kata ""enak"", bukan ""emas"". メ."
"sen_k_me_03.mp3","Tanaka-sensei (perempuan)","tenang","Ada 2 goresan. Perhatikan urutannya baik-baik."
"sen_k_me_04.mp3","Tanaka-sensei (perempuan)","lucu","Seperti tanda silang ✕, tutup mata (me): ""ME""."
"sen_k_me_05.mp3","Tanaka-sensei (perempuan)","tenang","Pasangan hiragananya adalah め. Bunyinya sama persis: メ, め."
"sen_k_me_07.mp3","Tanaka-sensei (perempuan)","ceria","Contoh katanya: メロン. Artinya ""melon"". メロン."
"sen_k_mo_01.mp3","Tanaka-sensei (perempuan)","semangat","Terakhir untuk hari ini: モ."
"sen_k_mo_02.mp3","Tanaka-sensei (perempuan)","tenang","Bacanya ""mo"", sama seperti bunyi ""mo"" dalam bahasa Indonesia. モ."
"sen_k_mo_03.mp3","Tanaka-sensei (perempuan)","tenang","Ada 3 goresan. Perhatikan urutannya baik-baik."
"sen_k_mo_04.mp3","Tanaka-sensei (perempuan)","lucu","Mirip も hiragana tanpa lengkungan: ""MO""."
"sen_k_mo_05.mp3","Tanaka-sensei (perempuan)","tenang","Pasangan hiragananya adalah も. Bunyinya sama persis: モ, も."
"sen_k_mo_07.mp3","Tanaka-sensei (perempuan)","ceria","Contoh katanya: メモ. Artinya ""catatan"". メモ."
"sen_d19_outro.mp3","Tanaka-sensei (perempuan)","bangga","Hebat! Sekarang giliranmu menulis. Salah itu biasa, yang penting mencoba."
"sen_d20_intro.mp3","Tanaka-sensei (perempuan)","ceria","Selamat datang kembali! Hari ini giliran huruf: ヤ、ユ、ヨ、ラ、リ、ル、レ、ロ. Yuk!"
"sen_k_ya_01.mp3","Tanaka-sensei (perempuan)","semangat","Huruf pertama kita hari ini: ヤ."
"sen_k_ya_02.mp3","Tanaka-sensei (perempuan)","tenang","Bacanya ""ya"", sama seperti bunyi ""ya"" dalam bahasa Indonesia. ヤ."
"sen_k_ya_03.mp3","Tanaka-sensei (perempuan)","tenang","Ada 2 goresan. Perhatikan urutannya baik-baik."
"sen_k_ya_04.mp3","Tanaka-sensei (perempuan)","lucu","Mirip や hiragana: ""YA""."
"sen_k_ya_05.mp3","Tanaka-sensei (perempuan)","tenang","Pasangan hiragananya adalah や. Bunyinya sama persis: ヤ, や."
"sen_k_yu_01.mp3","Tanaka-sensei (perempuan)","semangat","Oke, lanjut ke huruf ini: ユ."
"sen_k_yu_02.mp3","Tanaka-sensei (perempuan)","tenang","Bacanya ""yu"", sama seperti bunyi ""yu"" dalam bahasa Indonesia. ユ."
"sen_k_yu_03.mp3","Tanaka-sensei (perempuan)","tenang","Ada 2 goresan. Perhatikan urutannya baik-baik."
"sen_k_yu_04.mp3","Tanaka-sensei (perempuan)","lucu","Seperti kursi atau gagang pintu: ""YU""."
"sen_k_yu_05.mp3","Tanaka-sensei (perempuan)","tenang","Pasangan hiragananya adalah ゆ. Bunyinya sama persis: ユ, ゆ."
"sen_k_yu_06.mp3","Tanaka-sensei (perempuan)","serius-lembut","Hati-hati, jangan tertukar dengan コ. Yang kiri ユ, dibaca ""yu"". Yang kanan コ, dibaca ""ko""."
"sen_k_yo_01.mp3","Tanaka-sensei (perempuan)","semangat","Sekarang, perhatikan huruf ini: ヨ."
"sen_k_yo_02.mp3","Tanaka-sensei (perempuan)","tenang","Bacanya ""yo"", sama seperti bunyi ""yo"" dalam bahasa Indonesia. ヨ."
"sen_k_yo_03.mp3","Tanaka-sensei (perempuan)","tenang","Ada 3 goresan. Perhatikan urutannya baik-baik."
"sen_k_yo_04.mp3","Tanaka-sensei (perempuan)","lucu","Seperti huruf E yang dibalik: ""YO""."
"sen_k_yo_05.mp3","Tanaka-sensei (perempuan)","tenang","Pasangan hiragananya adalah よ. Bunyinya sama persis: ヨ, よ."
"sen_k_yo_07.mp3","Tanaka-sensei (perempuan)","ceria","Contoh katanya: ヨーヨー. Artinya ""yoyo"". ヨーヨー."
"sen_k_ra_01.mp3","Tanaka-sensei (perempuan)","semangat","Nah, yang ini juga penting: ラ."
"sen_k_ra_02.mp3","Tanaka-sensei (perempuan)","tenang","Bunyi R Jepang ada di antara R dan L. Lidah cukup mengetuk sekali: ra. ラ."
"sen_k_ra_03.mp3","Tanaka-sensei (perempuan)","tenang","Ada 2 goresan. Perhatikan urutannya baik-baik."
"sen_k_ra_04.mp3","Tanaka-sensei (perempuan)","lucu","Garis pendek di atas + フ: ""RA""."
"sen_k_ra_05.mp3","Tanaka-sensei (perempuan)","tenang","Pasangan hiragananya adalah ら. Bunyinya sama persis: ラ, ら."
"sen_k_ra_07.mp3","Tanaka-sensei (perempuan)","ceria","Contoh katanya: コーラ. Artinya ""cola"". コーラ."
"sen_k_ri_01.mp3","Tanaka-sensei (perempuan)","semangat","Berikutnya, huruf ini: リ."
"sen_k_ri_02.mp3","Tanaka-sensei (perempuan)","tenang","Lidah mengetuk sekali, antara R dan L: ri. リ."
"sen_k_ri_03.mp3","Tanaka-sensei (perempuan)","tenang","Ada 2 goresan. Perhatikan urutannya baik-baik."
"sen_k_ri_04.mp3","Tanaka-sensei (perempuan)","lucu","Mirip り hiragana versi lurus: ""RI""."
"sen_k_ri_05.mp3","Tanaka-sensei (perempuan)","tenang","Pasangan hiragananya adalah り. Bunyinya sama persis: リ, り."
"sen_k_ri_07.mp3","Tanaka-sensei (perempuan)","ceria","Contoh katanya: アメリカ. Artinya ""Amerika"". アメリカ."
"sen_k_ru_01.mp3","Tanaka-sensei (perempuan)","semangat","Oke, lanjut ke huruf ini: ル."
"sen_k_ru_02.mp3","Tanaka-sensei (perempuan)","tenang","Lidah mengetuk sekali: ru. ル."
"sen_k_ru_03.mp3","Tanaka-sensei (perempuan)","tenang","Ada 2 goresan. Perhatikan urutannya baik-baik."
"sen_k_ru_04.mp3","Tanaka-sensei (perempuan)","lucu","Seperti dua kaki, satu menendang ke kanan: ""RU""."
"sen_k_ru_05.mp3","Tanaka-sensei (perempuan)","tenang","Pasangan hiragananya adalah る. Bunyinya sama persis: ル, る."
"sen_k_ru_07.mp3","Tanaka-sensei (perempuan)","ceria","Contoh katanya: ボール. Artinya ""bola"". ボール."
"sen_k_re_01.mp3","Tanaka-sensei (perempuan)","semangat","Sekarang, perhatikan huruf ini: レ."
"sen_k_re_02.mp3","Tanaka-sensei (perempuan)","tenang","Lidah mengetuk sekali: re. レ."
"sen_k_re_03.mp3","Tanaka-sensei (perempuan)","tenang","Cara menulisnya cuma satu goresan. Perhatikan arahnya, ya."
"sen_k_re_04.mp3","Tanaka-sensei (perempuan)","lucu","Seperti huruf ""L"" yang miring: ""RE""."
"sen_k_re_05.mp3","Tanaka-sensei (perempuan)","tenang","Pasangan hiragananya adalah れ. Bunyinya sama persis: レ, れ."
"sen_k_re_07.mp3","Tanaka-sensei (perempuan)","ceria","Contoh katanya: カレー. Artinya ""kari"". カレー."
"sen_k_ro_01.mp3","Tanaka-sensei (perempuan)","semangat","Terakhir untuk hari ini: ロ."
"sen_k_ro_02.mp3","Tanaka-sensei (perempuan)","tenang","Lidah mengetuk sekali: ro. ロ."
"sen_k_ro_03.mp3","Tanaka-sensei (perempuan)","tenang","Ada 3 goresan. Perhatikan urutannya baik-baik."
"sen_k_ro_04.mp3","Tanaka-sensei (perempuan)","lucu","Kotak seperti mulut. Jangan tertukar dengan ろ hiragana: ""RO""."
"sen_k_ro_05.mp3","Tanaka-sensei (perempuan)","tenang","Pasangan hiragananya adalah ろ. Bunyinya sama persis: ロ, ろ."
"sen_k_ro_06.mp3","Tanaka-sensei (perempuan)","serius-lembut","Hati-hati, jangan tertukar dengan ろ. Yang kiri ロ, dibaca ""ro"". Yang kanan ろ, dibaca ""ro""."
"sen_d20_outro.mp3","Tanaka-sensei (perempuan)","bangga","Bagus sekali! Ayo praktik menulis. Sensei tunggu hasilmu, ya."
"sen_d21_intro.mp3","Tanaka-sensei (perempuan)","ceria","Pagi yang cerah untuk belajar! Hari ini: ワ、ヲ、ン. Kita mulai, ya."
"sen_k_wa_01.mp3","Tanaka-sensei (perempuan)","semangat","Huruf pertama kita hari ini: ワ."
"sen_k_wa_02.mp3","Tanaka-sensei (perempuan)","tenang","Bacanya ""wa"", sama seperti bunyi ""wa"" dalam bahasa Indonesia. ワ."
"sen_k_wa_03.mp3","Tanaka-sensei (perempuan)","tenang","Ada 2 goresan. Perhatikan urutannya baik-baik."
"sen_k_wa_04.mp3","Tanaka-sensei (perempuan)","lucu","Seperti ウ tanpa titik di atas: ""WA""."
"sen_k_wa_05.mp3","Tanaka-sensei (perempuan)","tenang","Pasangan hiragananya adalah わ. Bunyinya sama persis: ワ, わ."
"sen_k_wa_06.mp3","Tanaka-sensei (perempuan)","serius-lembut","Hati-hati, jangan tertukar dengan ウ. Yang kiri ワ, dibaca ""wa"". Yang kanan ウ, dibaca ""u""."
"sen_k_wa_07.mp3","Tanaka-sensei (perempuan)","ceria","Contoh katanya: ワイン. Artinya ""anggur (minuman)"". ワイン."
"sen_k_wo_01.mp3","Tanaka-sensei (perempuan)","semangat","Oke, lanjut ke huruf ini: ヲ."
"sen_k_wo_02.mp3","Tanaka-sensei (perempuan)","tenang","Walaupun ditulis ""wo"", bacanya ""o"". Huruf ini hampir hanya dipakai sebagai partikel. ヲ."
"sen_k_wo_03.mp3","Tanaka-sensei (perempuan)","tenang","Ada 3 goresan. Perhatikan urutannya baik-baik."
"sen_k_wo_04.mp3","Tanaka-sensei (perempuan)","lucu","Seperti ワ dengan garis tambahan. Jarang sekali dipakai: ""WO""."
"sen_k_wo_05.mp3","Tanaka-sensei (perempuan)","tenang","Pasangan hiragananya adalah を. Bunyinya sama persis: ヲ, を."
"sen_k_n_01.mp3","Tanaka-sensei (perempuan)","semangat","Terakhir untuk hari ini: ン."
"sen_k_n_02.mp3","Tanaka-sensei (perempuan)","tenang","Bacanya ""n"" saja, tanpa huruf hidup. Satu ketukan penuh, lho. ン."
"sen_k_n_03.mp3","Tanaka-sensei (perempuan)","tenang","Ada 2 goresan. Perhatikan urutannya baik-baik."
"sen_k_n_04.mp3","Tanaka-sensei (perempuan)","lucu","Dua goresan, yang panjang NAIK dari bawah: ""N"". Beda dengan ソ!"
"sen_k_n_05.mp3","Tanaka-sensei (perempuan)","tenang","Pasangan hiragananya adalah ん. Bunyinya sama persis: ン, ん."
"sen_k_n_06.mp3","Tanaka-sensei (perempuan)","serius-lembut","Hati-hati, jangan tertukar dengan ソ. Yang kiri ン, dibaca ""n"". Yang kanan ソ, dibaca ""so""."
"sen_k_n_07.mp3","Tanaka-sensei (perempuan)","ceria","Contoh katanya: ハンカチ. Artinya ""saputangan"". ハンカチ."
"sen_d21_outro.mp3","Tanaka-sensei (perempuan)","bangga","Hebat! Sekarang giliranmu menulis. Salah itu biasa, yang penting mencoba."
"sen_d23_intro.mp3","Tanaka-sensei (perempuan)","ceria","Selamat datang di Bab 3! Hari ini ada tanda kecil yang ajaib: tenten. Dua titik kecil yang mengubah bunyi."
"sen_h_ga_01.mp3","Tanaka-sensei (perempuan)","semangat","Huruf pertama kita hari ini: が."
"sen_h_ga_02.mp3","Tanaka-sensei (perempuan)","tenang","Bacanya ""ga"", sama seperti bunyi ""ga"" dalam bahasa Indonesia. が."
"sen_h_ga_03.mp3","Tanaka-sensei (perempuan)","tenang","Ada 5 goresan. Perhatikan urutannya baik-baik."
"sen_h_ga_04.mp3","Tanaka-sensei (perempuan)","lucu","か + tenten ゛ (dua titik) = が. Tanda di kanan atas membuat bunyinya jadi lebih berat: ""ka"" → ""ga""."
"sen_h_ga_07.mp3","Tanaka-sensei (perempuan)","ceria","Contoh katanya: めがね. Artinya ""kacamata"". めがね."
"sen_h_gi_01.mp3","Tanaka-sensei (perempuan)","semangat","Oke, lanjut ke huruf ini: ぎ."
"sen_h_gi_02.mp3","Tanaka-sensei (perempuan)","tenang","Bacanya ""gi"", sama seperti bunyi ""gi"" dalam bahasa Indonesia. ぎ."
"sen_h_gi_03.mp3","Tanaka-sensei (perempuan)","tenang","Ada 6 goresan. Perhatikan urutannya baik-baik."
"sen_h_gi_04.mp3","Tanaka-sensei (perempuan)","lucu","き + tenten ゛ (dua titik) = ぎ. Tanda di kanan atas membuat bunyinya jadi lebih berat: ""ki"" → ""gi""."
"sen_h_gi_07.mp3","Tanaka-sensei (perempuan)","ceria","Contoh katanya: かぎ. Artinya ""kunci"". かぎ."
"sen_h_gu_01.mp3","Tanaka-sensei (perempuan)","semangat","Sekarang, perhatikan huruf ini: ぐ."
"sen_h_gu_02.mp3","Tanaka-sensei (perempuan)","tenang","Bacanya ""gu"", sama seperti bunyi ""gu"" dalam bahasa Indonesia. ぐ."
"sen_h_gu_03.mp3","Tanaka-sensei (perempuan)","tenang","Ada 3 goresan. Perhatikan urutannya baik-baik."
"sen_h_gu_04.mp3","Tanaka-sensei (perempuan)","lucu","く + tenten ゛ (dua titik) = ぐ. Tanda di kanan atas membuat bunyinya jadi lebih berat: ""ku"" → ""gu""."
"sen_h_ge_01.mp3","Tanaka-sensei (perempuan)","semangat","Nah, yang ini juga penting: げ."
"sen_h_ge_02.mp3","Tanaka-sensei (perempuan)","tenang","Bacanya ""ge"". Huruf e-nya seperti pada kata ""enak"", bukan ""emas"". げ."
"sen_h_ge_03.mp3","Tanaka-sensei (perempuan)","tenang","Ada 5 goresan. Perhatikan urutannya baik-baik."
"sen_h_ge_04.mp3","Tanaka-sensei (perempuan)","lucu","け + tenten ゛ (dua titik) = げ. Tanda di kanan atas membuat bunyinya jadi lebih berat: ""ke"" → ""ge""."
"sen_h_go_01.mp3","Tanaka-sensei (perempuan)","semangat","Terakhir untuk hari ini: ご."
"sen_h_go_02.mp3","Tanaka-sensei (perempuan)","tenang","Bacanya ""go"", sama seperti bunyi ""go"" dalam bahasa Indonesia. ご."
"sen_h_go_03.mp3","Tanaka-sensei (perempuan)","tenang","Ada 4 goresan. Perhatikan urutannya baik-baik."
"sen_h_go_04.mp3","Tanaka-sensei (perempuan)","lucu","こ + tenten ゛ (dua titik) = ご. Tanda di kanan atas membuat bunyinya jadi lebih berat: ""ko"" → ""go""."
"sen_h_go_07.mp3","Tanaka-sensei (perempuan)","ceria","Contoh katanya: ごはん. Artinya ""nasi / makan"". ごはん."
"sen_d23_outro.mp3","Tanaka-sensei (perempuan)","bangga","Hebat! Sekarang giliranmu menulis. Salah itu biasa, yang penting mencoba."
"sen_d24_intro.mp3","Tanaka-sensei (perempuan)","ceria","Selamat datang kembali! Hari ini giliran huruf: ざ、じ、ず、ぜ、ぞ. Yuk!"
"sen_h_za_01.mp3","Tanaka-sensei (perempuan)","semangat","Huruf pertama kita hari ini: ざ."
"sen_h_za_02.mp3","Tanaka-sensei (perempuan)","tenang","Bacanya ""za"", sama seperti bunyi ""za"" dalam bahasa Indonesia. ざ."
"sen_h_za_03.mp3","Tanaka-sensei (perempuan)","tenang","Ada 5 goresan. Perhatikan urutannya baik-baik."
"sen_h_za_04.mp3","Tanaka-sensei (perempuan)","lucu","さ + tenten ゛ (dua titik) = ざ. Tanda di kanan atas membuat bunyinya jadi lebih berat: ""sa"" → ""za""."
"sen_h_za_07.mp3","Tanaka-sensei (perempuan)","ceria","Contoh katanya: ざっし. Artinya ""majalah"". ざっし."
"sen_h_ji_01.mp3","Tanaka-sensei (perempuan)","semangat","Oke, lanjut ke huruf ini: ぢ."
"sen_h_ji_02.mp3","Tanaka-sensei (perempuan)","tenang","Bacanya ""ji"", seperti ""ji"" dalam kata jika. ぢ."
"sen_h_ji_03.mp3","Tanaka-sensei (perempuan)","tenang","Ada 4 goresan. Perhatikan urutannya baik-baik."
"sen_h_ji_04.mp3","Tanaka-sensei (perempuan)","lucu","ち + tenten ゛ (dua titik) = ぢ. Tanda di kanan atas membuat bunyinya jadi lebih berat: ""chi"" → ""ji"". Jarang dipakai; bunyinya sama dengan じ."
"sen_h_ji_07.mp3","Tanaka-sensei (perempuan)","ceria","Contoh katanya: あじさい. Artinya ""bunga ajisai"". あじさい."
"sen_h_zu_01.mp3","Tanaka-sensei (perempuan)","semangat","Sekarang, perhatikan huruf ini: づ."
"sen_h_zu_02.mp3","Tanaka-sensei (perempuan)","tenang","Bacanya ""zu"", huruf z yang mendengung. づ."
"sen_h_zu_03.mp3","Tanaka-sensei (perempuan)","tenang","Ada 3 goresan. Perhatikan urutannya baik-baik."
"sen_h_zu_04.mp3","Tanaka-sensei (perempuan)","lucu","つ + tenten ゛ (dua titik) = づ. Tanda di kanan atas membuat bunyinya jadi lebih berat: ""tsu"" → ""zu"". Jarang dipakai; bunyinya sama dengan ず."
"sen_h_zu_07.mp3","Tanaka-sensei (perempuan)","ceria","Contoh katanya: ちず. Artinya ""peta"". ちず."
"sen_h_ze_01.mp3","Tanaka-sensei (perempuan)","semangat","Nah, yang ini juga penting: ぜ."
"sen_h_ze_02.mp3","Tanaka-sensei (perempuan)","tenang","Bacanya ""ze"". Huruf e-nya seperti pada kata ""enak"", bukan ""emas"". ぜ."
"sen_h_ze_03.mp3","Tanaka-sensei (perempuan)","tenang","Ada 5 goresan. Perhatikan urutannya baik-baik."
"sen_h_ze_04.mp3","Tanaka-sensei (perempuan)","lucu","せ + tenten ゛ (dua titik) = ぜ. Tanda di kanan atas membuat bunyinya jadi lebih berat: ""se"" → ""ze""."
"sen_h_ze_07.mp3","Tanaka-sensei (perempuan)","ceria","Contoh katanya: かぜ. Artinya ""angin"". かぜ."
"sen_h_zo_01.mp3","Tanaka-sensei (perempuan)","semangat","Terakhir untuk hari ini: ぞ."
"sen_h_zo_02.mp3","Tanaka-sensei (perempuan)","tenang","Bacanya ""zo"", sama seperti bunyi ""zo"" dalam bahasa Indonesia. ぞ."
"sen_h_zo_03.mp3","Tanaka-sensei (perempuan)","tenang","Ada 3 goresan. Perhatikan urutannya baik-baik."
"sen_h_zo_04.mp3","Tanaka-sensei (perempuan)","lucu","そ + tenten ゛ (dua titik) = ぞ. Tanda di kanan atas membuat bunyinya jadi lebih berat: ""so"" → ""zo""."
"sen_h_zo_07.mp3","Tanaka-sensei (perempuan)","ceria","Contoh katanya: ぞう. Artinya ""gajah"". ぞう."
"sen_d24_outro.mp3","Tanaka-sensei (perempuan)","bangga","Bagus sekali! Ayo praktik menulis. Sensei tunggu hasilmu, ya."
"sen_d25_intro.mp3","Tanaka-sensei (perempuan)","ceria","Pagi yang cerah untuk belajar! Hari ini: だ、ぢ、づ、で、ど. Kita mulai, ya."
"sen_h_da_01.mp3","Tanaka-sensei (perempuan)","semangat","Huruf pertama kita hari ini: だ."
"sen_h_da_02.mp3","Tanaka-sensei (perempuan)","tenang","Bacanya ""da"", sama seperti bunyi ""da"" dalam bahasa Indonesia. だ."
"sen_h_da_03.mp3","Tanaka-sensei (perempuan)","tenang","Ada 6 goresan. Perhatikan urutannya baik-baik."
"sen_h_da_04.mp3","Tanaka-sensei (perempuan)","lucu","た + tenten ゛ (dua titik) = だ. Tanda di kanan atas membuat bunyinya jadi lebih berat: ""ta"" → ""da""."
"sen_h_de_01.mp3","Tanaka-sensei (perempuan)","semangat","Nah, yang ini juga penting: で."
"sen_h_de_02.mp3","Tanaka-sensei (perempuan)","tenang","Bacanya ""de"". Huruf e-nya seperti pada kata ""enak"", bukan ""emas"". で."
"sen_h_de_03.mp3","Tanaka-sensei (perempuan)","tenang","Ada 3 goresan. Perhatikan urutannya baik-baik."
"sen_h_de_04.mp3","Tanaka-sensei (perempuan)","lucu","て + tenten ゛ (dua titik) = で. Tanda di kanan atas membuat bunyinya jadi lebih berat: ""te"" → ""de"". Juga partikel ""di/dengan"" (Bab 4)."
"sen_h_de_07.mp3","Tanaka-sensei (perempuan)","ceria","Contoh katanya: そで. Artinya ""lengan baju"". そで."
"sen_h_do_01.mp3","Tanaka-sensei (perempuan)","semangat","Terakhir untuk hari ini: ど."
"sen_h_do_02.mp3","Tanaka-sensei (perempuan)","tenang","Bacanya ""do"", sama seperti bunyi ""do"" dalam bahasa Indonesia. ど."
"sen_h_do_03.mp3","Tanaka-sensei (perempuan)","tenang","Ada 4 goresan. Perhatikan urutannya baik-baik."
"sen_h_do_04.mp3","Tanaka-sensei (perempuan)","lucu","と + tenten ゛ (dua titik) = ど. Tanda di kanan atas membuat bunyinya jadi lebih berat: ""to"" → ""do""."
"sen_h_do_07.mp3","Tanaka-sensei (perempuan)","ceria","Contoh katanya: まど. Artinya ""jendela"". まど."
"sen_d25_outro.mp3","Tanaka-sensei (perempuan)","bangga","Hebat! Sekarang giliranmu menulis. Salah itu biasa, yang penting mencoba."
"sen_d26_intro.mp3","Tanaka-sensei (perempuan)","ceria","Halo lagi! Hari ini kita belajar huruf: ば、び、ぶ、べ、ぼ、ぱ、ぴ、ぷ、ぺ、ぽ. Siap?"
"sen_h_ba_01.mp3","Tanaka-sensei (perempuan)","semangat","Huruf pertama kita hari ini: ば."
"sen_h_ba_02.mp3","Tanaka-sensei (perempuan)","tenang","Bacanya ""ba"", sama seperti bunyi ""ba"" dalam bahasa Indonesia. ば."
"sen_h_ba_03.mp3","Tanaka-sensei (perempuan)","tenang","Ada 5 goresan. Perhatikan urutannya baik-baik."
"sen_h_ba_04.mp3","Tanaka-sensei (perempuan)","lucu","は + tenten ゛ (dua titik) = ば. Tanda di kanan atas membuat bunyinya jadi lebih berat: ""ha"" → ""ba""."
"sen_h_ba_07.mp3","Tanaka-sensei (perempuan)","ceria","Contoh katanya: かばん. Artinya ""tas"". かばん."
"sen_h_bi_01.mp3","Tanaka-sensei (perempuan)","semangat","Oke, lanjut ke huruf ini: び."
"sen_h_bi_02.mp3","Tanaka-sensei (perempuan)","tenang","Bacanya ""bi"", sama seperti bunyi ""bi"" dalam bahasa Indonesia. び."
"sen_h_bi_03.mp3","Tanaka-sensei (perempuan)","tenang","Ada 3 goresan. Perhatikan urutannya baik-baik."
"sen_h_bi_04.mp3","Tanaka-sensei (perempuan)","lucu","ひ + tenten ゛ (dua titik) = び. Tanda di kanan atas membuat bunyinya jadi lebih berat: ""hi"" → ""bi""."
"sen_h_bi_07.mp3","Tanaka-sensei (perempuan)","ceria","Contoh katanya: はなび. Artinya ""kembang api"". はなび."
"sen_h_bu_01.mp3","Tanaka-sensei (perempuan)","semangat","Sekarang, perhatikan huruf ini: ぶ."
"sen_h_bu_02.mp3","Tanaka-sensei (perempuan)","tenang","Bacanya ""bu"", sama seperti bunyi ""bu"" dalam bahasa Indonesia. ぶ."
"sen_h_bu_03.mp3","Tanaka-sensei (perempuan)","tenang","Ada 6 goresan. Perhatikan urutannya baik-baik."
"sen_h_bu_04.mp3","Tanaka-sensei (perempuan)","lucu","ふ + tenten ゛ (dua titik) = ぶ. Tanda di kanan atas membuat bunyinya jadi lebih berat: ""fu"" → ""bu""."
"sen_h_bu_07.mp3","Tanaka-sensei (perempuan)","ceria","Contoh katanya: ぶた. Artinya ""babi"". ぶた."
"sen_h_be_01.mp3","Tanaka-sensei (perempuan)","semangat","Nah, yang ini juga penting: べ."
"sen_h_be_02.mp3","Tanaka-sensei (perempuan)","tenang","Bacanya ""be"". Huruf e-nya seperti pada kata ""enak"", bukan ""emas"". べ."
"sen_h_be_03.mp3","Tanaka-sensei (perempuan)","tenang","Ada 3 goresan. Perhatikan urutannya baik-baik."
"sen_h_be_04.mp3","Tanaka-sensei (perempuan)","lucu","へ + tenten ゛ (dua titik) = べ. Tanda di kanan atas membuat bunyinya jadi lebih berat: ""he"" → ""be""."
"sen_h_bo_01.mp3","Tanaka-sensei (perempuan)","semangat","Berikutnya, huruf ini: ぼ."
"sen_h_bo_02.mp3","Tanaka-sensei (perempuan)","tenang","Bacanya ""bo"", sama seperti bunyi ""bo"" dalam bahasa Indonesia. ぼ."
"sen_h_bo_03.mp3","Tanaka-sensei (perempuan)","tenang","Ada 6 goresan. Perhatikan urutannya baik-baik."
"sen_h_bo_04.mp3","Tanaka-sensei (perempuan)","lucu","ほ + tenten ゛ (dua titik) = ぼ. Tanda di kanan atas membuat bunyinya jadi lebih berat: ""ho"" → ""bo""."
"sen_h_pa_01.mp3","Tanaka-sensei (perempuan)","semangat","Oke, lanjut ke huruf ini: ぱ."
"sen_h_pa_02.mp3","Tanaka-sensei (perempuan)","tenang","Bacanya ""pa"", sama seperti bunyi ""pa"" dalam bahasa Indonesia. ぱ."
"sen_h_pa_03.mp3","Tanaka-sensei (perempuan)","tenang","Ada 4 goresan. Perhatikan urutannya baik-baik."
"sen_h_pa_04.mp3","Tanaka-sensei (perempuan)","lucu","は + maru ゜ (lingkaran kecil) = ぱ. Tanda di kanan atas membuat bunyinya berubah dari ""ha"" menjadi ""pa"" (bibir mengatup)."
"sen_h_pi_01.mp3","Tanaka-sensei (perempuan)","semangat","Sekarang, perhatikan huruf ini: ぴ."
"sen_h_pi_02.mp3","Tanaka-sensei (perempuan)","tenang","Bacanya ""pi"", sama seperti bunyi ""pi"" dalam bahasa Indonesia. ぴ."
"sen_h_pi_03.mp3","Tanaka-sensei (perempuan)","tenang","Ada 2 goresan. Perhatikan urutannya baik-baik."
"sen_h_pi_04.mp3","Tanaka-sensei (perempuan)","lucu","ひ + maru ゜ (lingkaran kecil) = ぴ. Tanda di kanan atas membuat bunyinya berubah dari ""hi"" menjadi ""pi"" (bibir mengatup)."
"sen_h_pi_07.mp3","Tanaka-sensei (perempuan)","ceria","Contoh katanya: えんぴつ. Artinya ""pensil"". えんぴつ."
"sen_h_pu_01.mp3","Tanaka-sensei (perempuan)","semangat","Nah, yang ini juga penting: ぷ."
"sen_h_pu_02.mp3","Tanaka-sensei (perempuan)","tenang","Bacanya ""pu"", sama seperti bunyi ""pu"" dalam bahasa Indonesia. ぷ."
"sen_h_pu_03.mp3","Tanaka-sensei (perempuan)","tenang","Ada 5 goresan. Perhatikan urutannya baik-baik."
"sen_h_pu_04.mp3","Tanaka-sensei (perempuan)","lucu","ふ + maru ゜ (lingkaran kecil) = ぷ. Tanda di kanan atas membuat bunyinya berubah dari ""fu"" menjadi ""pu"" (bibir mengatup)."
"sen_h_pe_01.mp3","Tanaka-sensei (perempuan)","semangat","Berikutnya, huruf ini: ぺ."
"sen_h_pe_02.mp3","Tanaka-sensei (perempuan)","tenang","Bacanya ""pe"". Huruf e-nya seperti pada kata ""enak"", bukan ""emas"". ぺ."
"sen_h_pe_03.mp3","Tanaka-sensei (perempuan)","tenang","Ada 2 goresan. Perhatikan urutannya baik-baik."
"sen_h_pe_04.mp3","Tanaka-sensei (perempuan)","lucu","へ + maru ゜ (lingkaran kecil) = ぺ. Tanda di kanan atas membuat bunyinya berubah dari ""he"" menjadi ""pe"" (bibir mengatup)."
"sen_h_po_01.mp3","Tanaka-sensei (perempuan)","semangat","Terakhir untuk hari ini: ぽ."
"sen_h_po_02.mp3","Tanaka-sensei (perempuan)","tenang","Bacanya ""po"", sama seperti bunyi ""po"" dalam bahasa Indonesia. ぽ."
"sen_h_po_03.mp3","Tanaka-sensei (perempuan)","tenang","Ada 5 goresan. Perhatikan urutannya baik-baik."
"sen_h_po_04.mp3","Tanaka-sensei (perempuan)","lucu","ほ + maru ゜ (lingkaran kecil) = ぽ. Tanda di kanan atas membuat bunyinya berubah dari ""ho"" menjadi ""po"" (bibir mengatup)."
"sen_d26_outro.mp3","Tanaka-sensei (perempuan)","bangga","Bagus sekali! Ayo praktik menulis. Sensei tunggu hasilmu, ya."
"sen_d27_intro.mp3","Tanaka-sensei (perempuan)","ceria","Hari yang istimewa! Hari ini kamu belajar kanji untuk pertama kalinya. Kita mulai dari angka, ya."
"sen_kj_4e00_01.mp3","Tanaka-sensei (perempuan)","semangat","Kanji pertama hari ini: 一."
"sen_kj_4e00_02.mp3","Tanaka-sensei (perempuan)","tenang","Kanji ini dibaca ""ichi"". 一."
"sen_kj_4e00_03.mp3","Tanaka-sensei (perempuan)","tenang","Cara menulisnya cuma satu goresan. Perhatikan arahnya, ya."
"sen_kj_4e00_04.mp3","Tanaka-sensei (perempuan)","lucu","Satu garis mendatar = satu. Bacaan lain: ひと(つ)."
"sen_kj_4e00_07.mp3","Tanaka-sensei (perempuan)","ceria","Contoh katanya: 一つ. Artinya ""satu (buah)"". 一つ."
"sen_kj_4e8c_01.mp3","Tanaka-sensei (perempuan)","semangat","Lanjut, kanji ini: 二."
"sen_kj_4e8c_02.mp3","Tanaka-sensei (perempuan)","tenang","Kanji ini dibaca ""ni"". 二."
"sen_kj_4e8c_03.mp3","Tanaka-sensei (perempuan)","tenang","Ada 2 goresan. Perhatikan urutannya baik-baik."
"sen_kj_4e8c_04.mp3","Tanaka-sensei (perempuan)","lucu","Dua garis = dua. Garis bawah lebih panjang dari garis atas."
"sen_kj_4e8c_07.mp3","Tanaka-sensei (perempuan)","ceria","Contoh katanya: 二つ. Artinya ""dua (buah)"". 二つ."
"sen_kj_4e09_01.mp3","Tanaka-sensei (perempuan)","semangat","Perhatikan kanji ini: 三."
"sen_kj_4e09_02.mp3","Tanaka-sensei (perempuan)","tenang","Kanji ini dibaca ""san"". 三."
"sen_kj_4e09_03.mp3","Tanaka-sensei (perempuan)","tenang","Ada 3 goresan. Perhatikan urutannya baik-baik."
"sen_kj_4e09_04.mp3","Tanaka-sensei (perempuan)","lucu","Tiga garis = tiga. Garis tengah paling pendek, garis bawah paling panjang."
"sen_kj_4e09_07.mp3","Tanaka-sensei (perempuan)","ceria","Contoh katanya: 三つ. Artinya ""tiga (buah)"". 三つ."
"sen_kj_56db_01.mp3","Tanaka-sensei (perempuan)","semangat","Yang ini juga penting: 四."
"sen_kj_56db_02.mp3","Tanaka-sensei (perempuan)","tenang","Kanji ini dibaca ""yon"". 四."
"sen_kj_56db_03.mp3","Tanaka-sensei (perempuan)","tenang","Ada 5 goresan. Perhatikan urutannya baik-baik."
"sen_kj_56db_04.mp3","Tanaka-sensei (perempuan)","lucu","Kotak seperti jendela dengan dua kaki di dalamnya. Dibaca よん atau し."
"sen_kj_4e94_01.mp3","Tanaka-sensei (perempuan)","semangat","Kanji terakhir hari ini: 五."
"sen_kj_4e94_02.mp3","Tanaka-sensei (perempuan)","tenang","Kanji ini dibaca ""go"". 五."
"sen_kj_4e94_03.mp3","Tanaka-sensei (perempuan)","tenang","Ada 4 goresan. Perhatikan urutannya baik-baik."
"sen_kj_4e94_04.mp3","Tanaka-sensei (perempuan)","lucu","Seperti angka 5 yang kotak: garis atas, tiang miring, lalu alas panjang."
"sen_d27_outro.mp3","Tanaka-sensei (perempuan)","bangga","Hebat! Sekarang giliranmu menulis. Salah itu biasa, yang penting mencoba."
"sen_d29_intro.mp3","Tanaka-sensei (perempuan)","ceria","Pagi yang cerah untuk belajar! Hari ini: 六、七、八、九、十. Kita mulai, ya."
"sen_kj_516d_01.mp3","Tanaka-sensei (perempuan)","semangat","Kanji pertama hari ini: 六."
"sen_kj_516d_02.mp3","Tanaka-sensei (perempuan)","tenang","Kanji ini dibaca ""roku"". 六."
"sen_kj_516d_03.mp3","Tanaka-sensei (perempuan)","tenang","Ada 4 goresan. Perhatikan urutannya baik-baik."
"sen_kj_516d_04.mp3","Tanaka-sensei (perempuan)","lucu","Topi di atas dan dua kaki terbuka, seperti orang menari rock: ""ROKU""!"
"sen_kj_4e03_01.mp3","Tanaka-sensei (perempuan)","semangat","Lanjut, kanji ini: 七."
"sen_kj_4e03_02.mp3","Tanaka-sensei (perempuan)","tenang","Kanji ini dibaca ""nana"". 七."
"sen_kj_4e03_03.mp3","Tanaka-sensei (perempuan)","tenang","Ada 2 goresan. Perhatikan urutannya baik-baik."
"sen_kj_4e03_04.mp3","Tanaka-sensei (perempuan)","lucu","Seperti angka 7 terbalik yang dipotong garis. Dibaca なな atau しち."
"sen_kj_516b_01.mp3","Tanaka-sensei (perempuan)","semangat","Perhatikan kanji ini: 八."
"sen_kj_516b_02.mp3","Tanaka-sensei (perempuan)","tenang","Kanji ini dibaca ""hachi"". 八."
"sen_kj_516b_03.mp3","Tanaka-sensei (perempuan)","tenang","Ada 2 goresan. Perhatikan urutannya baik-baik."
"sen_kj_516b_04.mp3","Tanaka-sensei (perempuan)","lucu","Dua garis terbuka ke bawah seperti kaki gunung. Angka 8 dianggap membawa keberuntungan."
"sen_kj_4e5d_01.mp3","Tanaka-sensei (perempuan)","semangat","Yang ini juga penting: 九."
"sen_kj_4e5d_02.mp3","Tanaka-sensei (perempuan)","tenang","Kanji ini dibaca ""kyuu"". 九."
"sen_kj_4e5d_03.mp3","Tanaka-sensei (perempuan)","tenang","Ada 2 goresan. Perhatikan urutannya baik-baik."
"sen_kj_4e5d_04.mp3","Tanaka-sensei (perempuan)","lucu","Seperti orang berlutut sambil mengulurkan tangan. Dibaca きゅう atau く."
"sen_kj_5341_01.mp3","Tanaka-sensei (perempuan)","semangat","Kanji terakhir hari ini: 十."
"sen_kj_5341_02.mp3","Tanaka-sensei (perempuan)","tenang","Kanji ini dibaca ""juu"". 十."
"sen_kj_5341_03.mp3","Tanaka-sensei (perempuan)","tenang","Ada 2 goresan. Perhatikan urutannya baik-baik."
"sen_kj_5341_04.mp3","Tanaka-sensei (perempuan)","lucu","Tanda tambah = sepuluh. Seperti dua jari yang disilangkan."
"sen_kj_5341_07.mp3","Tanaka-sensei (perempuan)","ceria","Contoh katanya: 十. Artinya ""sepuluh"". 十."
"sen_d29_outro.mp3","Tanaka-sensei (perempuan)","bangga","Hebat! Sekarang giliranmu menulis. Salah itu biasa, yang penting mencoba."
"sen_d30_intro.mp3","Tanaka-sensei (perempuan)","ceria","Halo lagi! Hari ini kita belajar huruf: 百、円. Siap?"
"sen_kj_767e_01.mp3","Tanaka-sensei (perempuan)","semangat","Kanji pertama hari ini: 百."
"sen_kj_767e_02.mp3","Tanaka-sensei (perempuan)","tenang","Kanji ini dibaca ""hyaku"". 百."
"sen_kj_767e_03.mp3","Tanaka-sensei (perempuan)","tenang","Ada 6 goresan. Perhatikan urutannya baik-baik."
"sen_kj_767e_04.mp3","Tanaka-sensei (perempuan)","lucu","Satu (一) di atas kotak putih (白): seratus. Hati-hati: 300 = さんびゃく, 600 = ろっぴゃく, 800 = はっぴゃく."
"sen_kj_767e_07.mp3","Tanaka-sensei (perempuan)","ceria","Contoh katanya: 百円. Artinya ""seratus yen"". 百円."
"sen_kj_5186_01.mp3","Tanaka-sensei (perempuan)","semangat","Kanji terakhir hari ini: 円."
"sen_kj_5186_02.mp3","Tanaka-sensei (perempuan)","tenang","Kanji ini dibaca ""en"". 円."
"sen_kj_5186_03.mp3","Tanaka-sensei (perempuan)","tenang","Ada 4 goresan. Perhatikan urutannya baik-baik."
"sen_kj_5186_04.mp3","Tanaka-sensei (perempuan)","lucu","Yen, mata uang Jepang. Bentuknya seperti jendela bundar. 百円 = seratus yen."
"sen_kj_5186_07.mp3","Tanaka-sensei (perempuan)","ceria","Contoh katanya: 千円. Artinya ""seribu yen"". 千円."
"sen_d30_outro.mp3","Tanaka-sensei (perempuan)","bangga","Bagus sekali! Ayo praktik menulis. Sensei tunggu hasilmu, ya."
"sen_d31_intro.mp3","Tanaka-sensei (perempuan)","ceria","Selamat datang kembali! Hari ini giliran huruf: 千、万. Yuk!"
"sen_kj_5343_01.mp3","Tanaka-sensei (perempuan)","semangat","Kanji pertama hari ini: 千."
"sen_kj_5343_02.mp3","Tanaka-sensei (perempuan)","tenang","Kanji ini dibaca ""sen"". 千."
"sen_kj_5343_03.mp3","Tanaka-sensei (perempuan)","tenang","Ada 3 goresan. Perhatikan urutannya baik-baik."
"sen_kj_5343_04.mp3","Tanaka-sensei (perempuan)","lucu","Sepuluh (十) dengan topi miring di atas: seribu. 3000 = さんぜん, 8000 = はっせん."
"sen_kj_4e07_01.mp3","Tanaka-sensei (perempuan)","semangat","Kanji terakhir hari ini: 万."
"sen_kj_4e07_02.mp3","Tanaka-sensei (perempuan)","tenang","Kanji ini dibaca ""man"". 万."
"sen_kj_4e07_03.mp3","Tanaka-sensei (perempuan)","tenang","Ada 3 goresan. Perhatikan urutannya baik-baik."
"sen_kj_4e07_04.mp3","Tanaka-sensei (perempuan)","lucu","Sepuluh ribu. Di Jepang angka besar dihitung per 万: 10.000 = いちまん."
"sen_kj_4e07_07.mp3","Tanaka-sensei (perempuan)","ceria","Contoh katanya: 一万円. Artinya ""sepuluh ribu yen"". 一万円."
"sen_d31_outro.mp3","Tanaka-sensei (perempuan)","bangga","Hebat! Sekarang giliranmu menulis. Salah itu biasa, yang penting mencoba."
"sen_d35_intro.mp3","Tanaka-sensei (perempuan)","ceria","Selamat datang di Kelas Musim Panas! Hari ini huruf kecil ya, yu, yo yang menempel pada huruf lain."
"sen_h_kya_01.mp3","Tanaka-sensei (perempuan)","semangat","Huruf pertama kita hari ini: きゃ."
"sen_h_kya_02.mp3","Tanaka-sensei (perempuan)","tenang","Bacanya ""kya"". Dua huruf, tapi cuma satu ketukan. きゃ."
"sen_h_kya_03.mp3","Tanaka-sensei (perempuan)","tenang","Ada 7 goresan. Perhatikan urutannya baik-baik."
"sen_h_kya_04.mp3","Tanaka-sensei (perempuan)","lucu","き + ゃ kecil = きゃ. Dua huruf, satu ketukan: ""kya"" — bukan ""ki-ya""."
"sen_h_kya_07.mp3","Tanaka-sensei (perempuan)","ceria","Contoh katanya: おきゃくさん. Artinya ""tamu / pelanggan"". おきゃくさん."
"sen_h_kyu_01.mp3","Tanaka-sensei (perempuan)","semangat","Oke, lanjut ke huruf ini: きゅ."
"sen_h_kyu_02.mp3","Tanaka-sensei (perempuan)","tenang","Bacanya ""kyu"". Dua huruf, tapi cuma satu ketukan. きゅ."
"sen_h_kyu_03.mp3","Tanaka-sensei (perempuan)","tenang","Ada 6 goresan. Perhatikan urutannya baik-baik."
"sen_h_kyu_04.mp3","Tanaka-sensei (perempuan)","lucu","き + ゅ kecil = きゅ. Dua huruf, satu ketukan: ""kyu"" — bukan ""ki-yu""."
"sen_h_kyo_01.mp3","Tanaka-sensei (perempuan)","semangat","Sekarang, perhatikan huruf ini: きょ."
"sen_h_kyo_02.mp3","Tanaka-sensei (perempuan)","tenang","Bacanya ""kyo"". Dua huruf, tapi cuma satu ketukan. きょ."
"sen_h_kyo_03.mp3","Tanaka-sensei (perempuan)","tenang","Ada 6 goresan. Perhatikan urutannya baik-baik."
"sen_h_kyo_04.mp3","Tanaka-sensei (perempuan)","lucu","き + ょ kecil = きょ. Dua huruf, satu ketukan: ""kyo"" — bukan ""ki-yo""."
"sen_h_kyo_07.mp3","Tanaka-sensei (perempuan)","ceria","Contoh katanya: きょう. Artinya ""hari ini"". きょう."
"sen_h_sha_01.mp3","Tanaka-sensei (perempuan)","semangat","Nah, yang ini juga penting: しゃ."
"sen_h_sha_02.mp3","Tanaka-sensei (perempuan)","tenang","Bacanya ""sha"". Dua huruf, tapi cuma satu ketukan. しゃ."
"sen_h_sha_03.mp3","Tanaka-sensei (perempuan)","tenang","Ada 4 goresan. Perhatikan urutannya baik-baik."
"sen_h_sha_04.mp3","Tanaka-sensei (perempuan)","lucu","し + ゃ kecil = しゃ. Dua huruf, satu ketukan: ""sha"" — bukan ""shi-ya""."
"sen_h_sha_07.mp3","Tanaka-sensei (perempuan)","ceria","Contoh katanya: しゃしん. Artinya ""foto"". しゃしん."
"sen_h_shu_01.mp3","Tanaka-sensei (perempuan)","semangat","Berikutnya, huruf ini: しゅ."
"sen_h_shu_02.mp3","Tanaka-sensei (perempuan)","tenang","Bacanya ""shu"". Dua huruf, tapi cuma satu ketukan. しゅ."
"sen_h_shu_03.mp3","Tanaka-sensei (perempuan)","tenang","Ada 3 goresan. Perhatikan urutannya baik-baik."
"sen_h_shu_04.mp3","Tanaka-sensei (perempuan)","lucu","し + ゅ kecil = しゅ. Dua huruf, satu ketukan: ""shu"" — bukan ""shi-yu""."
"sen_h_sho_01.mp3","Tanaka-sensei (perempuan)","semangat","Terakhir untuk hari ini: しょ."
"sen_h_sho_02.mp3","Tanaka-sensei (perempuan)","tenang","Bacanya ""sho"". Dua huruf, tapi cuma satu ketukan. しょ."
"sen_h_sho_03.mp3","Tanaka-sensei (perempuan)","tenang","Ada 3 goresan. Perhatikan urutannya baik-baik."
"sen_h_sho_04.mp3","Tanaka-sensei (perempuan)","lucu","し + ょ kecil = しょ. Dua huruf, satu ketukan: ""sho"" — bukan ""shi-yo""."
"sen_d35_outro.mp3","Tanaka-sensei (perempuan)","bangga","Hebat! Sekarang giliranmu menulis. Salah itu biasa, yang penting mencoba."
"sen_d36_intro.mp3","Tanaka-sensei (perempuan)","ceria","Halo lagi! Hari ini kita belajar huruf: ちゃ、ちゅ、ちょ、にゃ、にゅ、にょ. Siap?"
"sen_h_cha_01.mp3","Tanaka-sensei (perempuan)","semangat","Huruf pertama kita hari ini: ちゃ."
"sen_h_cha_02.mp3","Tanaka-sensei (perempuan)","tenang","Bacanya ""cha"". Dua huruf, tapi cuma satu ketukan. ちゃ."
"sen_h_cha_03.mp3","Tanaka-sensei (perempuan)","tenang","Ada 5 goresan. Perhatikan urutannya baik-baik."
"sen_h_cha_04.mp3","Tanaka-sensei (perempuan)","lucu","ち + ゃ kecil = ちゃ. Dua huruf, satu ketukan: ""cha"" — bukan ""chi-ya""."
"sen_h_cha_07.mp3","Tanaka-sensei (perempuan)","ceria","Contoh katanya: おちゃ. Artinya ""teh hijau"". おちゃ."
"sen_h_chu_01.mp3","Tanaka-sensei (perempuan)","semangat","Oke, lanjut ke huruf ini: ちゅ."
"sen_h_chu_02.mp3","Tanaka-sensei (perempuan)","tenang","Bacanya ""chu"". Dua huruf, tapi cuma satu ketukan. ちゅ."
"sen_h_chu_03.mp3","Tanaka-sensei (perempuan)","tenang","Ada 4 goresan. Perhatikan urutannya baik-baik."
"sen_h_chu_04.mp3","Tanaka-sensei (perempuan)","lucu","ち + ゅ kecil = ちゅ. Dua huruf, satu ketukan: ""chu"" — bukan ""chi-yu""."
"sen_h_cho_01.mp3","Tanaka-sensei (perempuan)","semangat","Sekarang, perhatikan huruf ini: ちょ."
"sen_h_cho_02.mp3","Tanaka-sensei (perempuan)","tenang","Bacanya ""cho"". Dua huruf, tapi cuma satu ketukan. ちょ."
"sen_h_cho_03.mp3","Tanaka-sensei (perempuan)","tenang","Ada 4 goresan. Perhatikan urutannya baik-baik."
"sen_h_cho_04.mp3","Tanaka-sensei (perempuan)","lucu","ち + ょ kecil = ちょ. Dua huruf, satu ketukan: ""cho"" — bukan ""chi-yo""."
"sen_h_nya_01.mp3","Tanaka-sensei (perempuan)","semangat","Nah, yang ini juga penting: にゃ."
"sen_h_nya_02.mp3","Tanaka-sensei (perempuan)","tenang","Bacanya ""nya"". Dua huruf, tapi cuma satu ketukan. にゃ."
"sen_h_nya_03.mp3","Tanaka-sensei (perempuan)","tenang","Ada 6 goresan. Perhatikan urutannya baik-baik."
"sen_h_nya_04.mp3","Tanaka-sensei (perempuan)","lucu","に + ゃ kecil = にゃ. Dua huruf, satu ketukan: ""nya"" — bukan ""ni-ya""."
"sen_h_nya_07.mp3","Tanaka-sensei (perempuan)","ceria","Contoh katanya: にゃあ. Artinya ""meong"". にゃあ."
"sen_h_nyu_01.mp3","Tanaka-sensei (perempuan)","semangat","Berikutnya, huruf ini: にゅ."
"sen_h_nyu_02.mp3","Tanaka-sensei (perempuan)","tenang","Bacanya ""nyu"". Dua huruf, tapi cuma satu ketukan. にゅ."
"sen_h_nyu_03.mp3","Tanaka-sensei (perempuan)","tenang","Ada 5 goresan. Perhatikan urutannya baik-baik."
"sen_h_nyu_04.mp3","Tanaka-sensei (perempuan)","lucu","に + ゅ kecil = にゅ. Dua huruf, satu ketukan: ""nyu"" — bukan ""ni-yu""."
"sen_h_nyu_07.mp3","Tanaka-sensei (perempuan)","ceria","Contoh katanya: ぎゅうにゅう. Artinya ""susu"". ぎゅうにゅう."
"sen_h_nyo_01.mp3","Tanaka-sensei (perempuan)","semangat","Terakhir untuk hari ini: にょ."
"sen_h_nyo_02.mp3","Tanaka-sensei (perempuan)","tenang","Bacanya ""nyo"". Dua huruf, tapi cuma satu ketukan. にょ."
"sen_h_nyo_03.mp3","Tanaka-sensei (perempuan)","tenang","Ada 5 goresan. Perhatikan urutannya baik-baik."
"sen_h_nyo_04.mp3","Tanaka-sensei (perempuan)","lucu","に + ょ kecil = にょ. Dua huruf, satu ketukan: ""nyo"" — bukan ""ni-yo""."
"sen_d36_outro.mp3","Tanaka-sensei (perempuan)","bangga","Bagus sekali! Ayo praktik menulis. Sensei tunggu hasilmu, ya."
"sen_d37_intro.mp3","Tanaka-sensei (perempuan)","ceria","Selamat datang kembali! Hari ini giliran huruf: ひゃ、ひゅ、ひょ、みゃ、みゅ、みょ、りゃ、りゅ、りょ. Yuk!"
"sen_h_hya_01.mp3","Tanaka-sensei (perempuan)","semangat","Huruf pertama kita hari ini: ひゃ."
"sen_h_hya_02.mp3","Tanaka-sensei (perempuan)","tenang","Bacanya ""hya"". Dua huruf, tapi cuma satu ketukan. ひゃ."
"sen_h_hya_03.mp3","Tanaka-sensei (perempuan)","tenang","Ada 4 goresan. Perhatikan urutannya baik-baik."
"sen_h_hya_04.mp3","Tanaka-sensei (perempuan)","lucu","ひ + ゃ kecil = ひゃ. Dua huruf, satu ketukan: ""hya"" — bukan ""hi-ya""."
"sen_h_hyu_01.mp3","Tanaka-sensei (perempuan)","semangat","Oke, lanjut ke huruf ini: ひゅ."
"sen_h_hyu_02.mp3","Tanaka-sensei (perempuan)","tenang","Bacanya ""hyu"". Dua huruf, tapi cuma satu ketukan. ひゅ."
"sen_h_hyu_03.mp3","Tanaka-sensei (perempuan)","tenang","Ada 3 goresan. Perhatikan urutannya baik-baik."
"sen_h_hyu_04.mp3","Tanaka-sensei (perempuan)","lucu","ひ + ゅ kecil = ひゅ. Dua huruf, satu ketukan: ""hyu"" — bukan ""hi-yu""."
"sen_h_hyo_01.mp3","Tanaka-sensei (perempuan)","semangat","Sekarang, perhatikan huruf ini: ひょ."
"sen_h_hyo_02.mp3","Tanaka-sensei (perempuan)","tenang","Bacanya ""hyo"". Dua huruf, tapi cuma satu ketukan. ひょ."
"sen_h_hyo_03.mp3","Tanaka-sensei (perempuan)","tenang","Ada 3 goresan. Perhatikan urutannya baik-baik."
"sen_h_hyo_04.mp3","Tanaka-sensei (perempuan)","lucu","ひ + ょ kecil = ひょ. Dua huruf, satu ketukan: ""hyo"" — bukan ""hi-yo""."
"sen_h_mya_01.mp3","Tanaka-sensei (perempuan)","semangat","Nah, yang ini juga penting: みゃ."
"sen_h_mya_02.mp3","Tanaka-sensei (perempuan)","tenang","Bacanya ""mya"". Dua huruf, tapi cuma satu ketukan. みゃ."
"sen_h_mya_03.mp3","Tanaka-sensei (perempuan)","tenang","Ada 5 goresan. Perhatikan urutannya baik-baik."
"sen_h_mya_04.mp3","Tanaka-sensei (perempuan)","lucu","み + ゃ kecil = みゃ. Dua huruf, satu ketukan: ""mya"" — bukan ""mi-ya""."
"sen_h_myu_01.mp3","Tanaka-sensei (perempuan)","semangat","Berikutnya, huruf ini: みゅ."
"sen_h_myu_02.mp3","Tanaka-sensei (perempuan)","tenang","Bacanya ""myu"". Dua huruf, tapi cuma satu ketukan. みゅ."
"sen_h_myu_03.mp3","Tanaka-sensei (perempuan)","tenang","Ada 4 goresan. Perhatikan urutannya baik-baik."
"sen_h_myu_04.mp3","Tanaka-sensei (perempuan)","lucu","み + ゅ kecil = みゅ. Dua huruf, satu ketukan: ""myu"" — bukan ""mi-yu""."
"sen_h_myo_01.mp3","Tanaka-sensei (perempuan)","semangat","Oke, lanjut ke huruf ini: みょ."
"sen_h_myo_02.mp3","Tanaka-sensei (perempuan)","tenang","Bacanya ""myo"". Dua huruf, tapi cuma satu ketukan. みょ."
"sen_h_myo_03.mp3","Tanaka-sensei (perempuan)","tenang","Ada 4 goresan. Perhatikan urutannya baik-baik."
"sen_h_myo_04.mp3","Tanaka-sensei (perempuan)","lucu","み + ょ kecil = みょ. Dua huruf, satu ketukan: ""myo"" — bukan ""mi-yo""."
"sen_h_rya_01.mp3","Tanaka-sensei (perempuan)","semangat","Sekarang, perhatikan huruf ini: りゃ."
"sen_h_rya_02.mp3","Tanaka-sensei (perempuan)","tenang","Bacanya ""rya"". Dua huruf, tapi cuma satu ketukan. りゃ."
"sen_h_rya_03.mp3","Tanaka-sensei (perempuan)","tenang","Ada 5 goresan. Perhatikan urutannya baik-baik."
"sen_h_rya_04.mp3","Tanaka-sensei (perempuan)","lucu","り + ゃ kecil = りゃ. Dua huruf, satu ketukan: ""rya"" — bukan ""ri-ya""."
"sen_h_ryu_01.mp3","Tanaka-sensei (perempuan)","semangat","Nah, yang ini juga penting: りゅ."
"sen_h_ryu_02.mp3","Tanaka-sensei (perempuan)","tenang","Bacanya ""ryu"". Dua huruf, tapi cuma satu ketukan. りゅ."
"sen_h_ryu_03.mp3","Tanaka-sensei (perempuan)","tenang","Ada 4 goresan. Perhatikan urutannya baik-baik."
"sen_h_ryu_04.mp3","Tanaka-sensei (perempuan)","lucu","り + ゅ kecil = りゅ. Dua huruf, satu ketukan: ""ryu"" — bukan ""ri-yu""."
"sen_h_ryo_01.mp3","Tanaka-sensei (perempuan)","semangat","Terakhir untuk hari ini: りょ."
"sen_h_ryo_02.mp3","Tanaka-sensei (perempuan)","tenang","Bacanya ""ryo"". Dua huruf, tapi cuma satu ketukan. りょ."
"sen_h_ryo_03.mp3","Tanaka-sensei (perempuan)","tenang","Ada 4 goresan. Perhatikan urutannya baik-baik."
"sen_h_ryo_04.mp3","Tanaka-sensei (perempuan)","lucu","り + ょ kecil = りょ. Dua huruf, satu ketukan: ""ryo"" — bukan ""ri-yo""."
"sen_h_ryo_07.mp3","Tanaka-sensei (perempuan)","ceria","Contoh katanya: りょこう. Artinya ""perjalanan wisata"". りょこう."
"sen_d37_outro.mp3","Tanaka-sensei (perempuan)","bangga","Hebat! Sekarang giliranmu menulis. Salah itu biasa, yang penting mencoba."
"sen_d38_intro.mp3","Tanaka-sensei (perempuan)","ceria","Hari ini huruf yang tidak berbunyi, tapi sangat penting: tsu kecil."
"sen_x_3063_01.mp3","Tanaka-sensei (perempuan)","semangat","Huruf pertama kita hari ini: っ."
"sen_x_3063_02.mp3","Tanaka-sensei (perempuan)","tenang","Huruf ini tidak dibaca. っ kecil artinya jeda satu ketukan sebelum bunyi berikutnya. がっこう: gak, kou."
"sen_x_3063_03.mp3","Tanaka-sensei (perempuan)","tenang","Cara menulisnya cuma satu goresan. Perhatikan arahnya, ya."
"sen_x_3063_04.mp3","Tanaka-sensei (perempuan)","lucu","つ kecil. Tidak dibaca ""tsu"": artinya berhenti sejenak satu ketukan sebelum bunyi berikutnya. がっこう = gak-kou."
"sen_x_3063_07.mp3","Tanaka-sensei (perempuan)","ceria","Contoh katanya: がっこう. Artinya ""sekolah"". がっこう."
"sen_d38_outro.mp3","Tanaka-sensei (perempuan)","bangga","Bagus sekali! Ayo praktik menulis. Sensei tunggu hasilmu, ya."
"sen_d39_intro.mp3","Tanaka-sensei (perempuan)","ceria","Hari ini kita belajar bunyi panjang. Siapkan telingamu!"
"sen_x_30fc_01.mp3","Tanaka-sensei (perempuan)","semangat","Huruf pertama kita hari ini: ー."
"sen_x_30fc_02.mp3","Tanaka-sensei (perempuan)","tenang","Garis ini tidak punya bunyi sendiri. Ia memanjangkan bunyi sebelumnya. コーヒー: koo, hii."
"sen_x_30fc_03.mp3","Tanaka-sensei (perempuan)","tenang","Cara menulisnya cuma satu goresan. Perhatikan arahnya, ya."
"sen_x_30fc_04.mp3","Tanaka-sensei (perempuan)","lucu","Garis panjang: bunyi sebelumnya dipanjangkan satu ketukan. コーヒー = ko-o-hi-i."
"sen_x_30fc_07.mp3","Tanaka-sensei (perempuan)","ceria","Contoh katanya: コート. Artinya ""mantel"". コート."
"sen_d39_outro.mp3","Tanaka-sensei (perempuan)","bangga","Hebat! Sekarang giliranmu menulis. Salah itu biasa, yang penting mencoba."
"sen_d41_intro.mp3","Tanaka-sensei (perempuan)","ceria","Selamat datang kembali! Hari ini giliran huruf: 上、下、中. Yuk!"
"sen_kj_4e0a_01.mp3","Tanaka-sensei (perempuan)","semangat","Kanji pertama hari ini: 上."
"sen_kj_4e0a_02.mp3","Tanaka-sensei (perempuan)","tenang","Kanji ini dibaca ""ue"". 上."
"sen_kj_4e0a_03.mp3","Tanaka-sensei (perempuan)","tenang","Ada 3 goresan. Perhatikan urutannya baik-baik."
"sen_kj_4e0a_04.mp3","Tanaka-sensei (perempuan)","lucu","Garis pendek di atas garis dasar, seperti panah ke ATAS. Bacaan lain: じょう (上手 = pandai)."
"sen_kj_4e0a_07.mp3","Tanaka-sensei (perempuan)","ceria","Contoh katanya: 上. Artinya ""atas"". 上."
"sen_kj_4e0b_01.mp3","Tanaka-sensei (perempuan)","semangat","Lanjut, kanji ini: 下."
"sen_kj_4e0b_02.mp3","Tanaka-sensei (perempuan)","tenang","Kanji ini dibaca ""shita"". 下."
"sen_kj_4e0b_03.mp3","Tanaka-sensei (perempuan)","tenang","Ada 3 goresan. Perhatikan urutannya baik-baik."
"sen_kj_4e0b_04.mp3","Tanaka-sensei (perempuan)","lucu","Kebalikan 上: tiang turun ke BAWAH garis. Bacaan lain: か / げ."
"sen_kj_4e0b_07.mp3","Tanaka-sensei (perempuan)","ceria","Contoh katanya: 下. Artinya ""bawah"". 下."
"sen_kj_4e2d_01.mp3","Tanaka-sensei (perempuan)","semangat","Kanji terakhir hari ini: 中."
"sen_kj_4e2d_02.mp3","Tanaka-sensei (perempuan)","tenang","Kanji ini dibaca ""naka"". 中."
"sen_kj_4e2d_03.mp3","Tanaka-sensei (perempuan)","tenang","Ada 4 goresan. Perhatikan urutannya baik-baik."
"sen_kj_4e2d_04.mp3","Tanaka-sensei (perempuan)","lucu","Kotak dengan garis menembus tepat di TENGAH. Bacaan lain: ちゅう."
"sen_kj_4e2d_07.mp3","Tanaka-sensei (perempuan)","ceria","Contoh katanya: 中. Artinya ""dalam / tengah"". 中."
"sen_d41_outro.mp3","Tanaka-sensei (perempuan)","bangga","Hebat! Sekarang giliranmu menulis. Salah itu biasa, yang penting mencoba."
"sen_d42_intro.mp3","Tanaka-sensei (perempuan)","ceria","Pagi yang cerah untuk belajar! Hari ini: 右、左. Kita mulai, ya."
"sen_kj_53f3_01.mp3","Tanaka-sensei (perempuan)","semangat","Kanji pertama hari ini: 右."
"sen_kj_53f3_02.mp3","Tanaka-sensei (perempuan)","tenang","Kanji ini dibaca ""migi"". 右."
"sen_kj_53f3_03.mp3","Tanaka-sensei (perempuan)","tenang","Ada 5 goresan. Perhatikan urutannya baik-baik."
"sen_kj_53f3_04.mp3","Tanaka-sensei (perempuan)","lucu","Tangan + 口 (mulut): tangan KANAN untuk makan. Goresan pertama miring ノ."
"sen_kj_53f3_07.mp3","Tanaka-sensei (perempuan)","ceria","Contoh katanya: 右. Artinya ""kanan"". 右."
"sen_kj_5de6_01.mp3","Tanaka-sensei (perempuan)","semangat","Kanji terakhir hari ini: 左."
"sen_kj_5de6_02.mp3","Tanaka-sensei (perempuan)","tenang","Kanji ini dibaca ""hidari"". 左."
"sen_kj_5de6_03.mp3","Tanaka-sensei (perempuan)","tenang","Ada 5 goresan. Perhatikan urutannya baik-baik."
"sen_kj_5de6_04.mp3","Tanaka-sensei (perempuan)","lucu","Tangan + 工 (alat): tangan KIRI memegang alat. Goresan pertama mendatar 一."
"sen_kj_5de6_07.mp3","Tanaka-sensei (perempuan)","ceria","Contoh katanya: 左. Artinya ""kiri"". 左."
"sen_d42_outro.mp3","Tanaka-sensei (perempuan)","bangga","Bagus sekali! Ayo praktik menulis. Sensei tunggu hasilmu, ya."
"sen_air_1.mp3","Tanaka-sensei (perempuan)","lembut","Sekarang tulis di udara dengan jarimu, ikuti kapur sensei. Pelan-pelan saja."
"sen_air_2.mp3","Tanaka-sensei (perempuan)","lembut","Yuk, tulis di udara bareng sensei. Satu, dua…"
"sen_air_3.mp3","Tanaka-sensei (perempuan)","lembut","Coba gerakkan jarimu mengikuti kapurnya. Tidak apa-apa kalau belum rapi."
"sen_ok_1.mp3","Tanaka-sensei (perempuan)","bangga","すごい！ Tepat sekali!"
"sen_ok_2.mp3","Tanaka-sensei (perempuan)","ceria","せいかい！ Benar!"
"sen_ok_3.mp3","Tanaka-sensei (perempuan)","bangga","いい ね！ Kamu makin jago."
"sen_ok_4.mp3","Tanaka-sensei (perempuan)","bangga","よく できました！ Bagus sekali."
"sen_ok_5.mp3","Tanaka-sensei (perempuan)","lucu","Wah, cepat sekali. Sensei kalah, nih."
"sen_ng_1.mp3","Tanaka-sensei (perempuan)","lembut","おしい！ Hampir benar. Coba lihat lagi, ya."
"sen_ng_2.mp3","Tanaka-sensei (perempuan)","lembut","Tidak apa-apa. Salah itu bagian dari belajar."
"sen_ng_3.mp3","Tanaka-sensei (perempuan)","serius-lembut","Hmm, yang ini sering tertukar. Perhatikan bentuknya baik-baik."
"sen_ng_4.mp3","Tanaka-sensei (perempuan)","ceria","ドンマイ！ Jangan khawatir, kita coba sekali lagi."
"sen_star3.mp3","Tanaka-sensei (perempuan)","bangga","Tiga bintang! Sempurna! Sensei bangga sekali."
"sen_star1.mp3","Tanaka-sensei (perempuan)","lembut","Satu bintang juga kemajuan. Besok pasti lebih baik."
"sen_review.mp3","Tanaka-sensei (perempuan)","ceria","Ada beberapa huruf yang perlu diulas hari ini. Sebentar saja, yuk."
"sen_test_start.mp3","Tanaka-sensei (perempuan)","tenang","Ulangan dimulai. Tarik napas dulu… Kamu pasti bisa."
"sen_test_end.mp3","Tanaka-sensei (perempuan)","bangga","Ulangan selesai. Apa pun hasilnya, kamu sudah berusaha. おつかれさま！"
"sen_hanko.mp3","Tanaka-sensei (perempuan)","ceria","Ini stempel dari sensei. はなまる！"
"sen_welcome_back.mp3","Tanaka-sensei (perempuan)","ceria","Selamat datang kembali! Sensei sudah menunggumu."
"sen_goodbye.mp3","Tanaka-sensei (perempuan)","lembut","Sampai jumpa besok, ya. また あした！"